donor,recipient,Year,fdi_total
AUS,CAN,2009,10967.887
AUS,CAN,2010,15124.505
AUS,CAN,2011,19298.78
AUS,CAN,2012,21824.142
AUS,CAN,2013,15021.277
AUS,CAN,2014,18617.72
AUS,CAN,2015,18128.151
AUS,CAN,2016,20572.359
AUS,CAN,2017,27626.55
AUS,DEU,2009,16244.169
AUS,DEU,2010,17079.988
AUS,DEU,2011,14326.22
AUS,DEU,2012,14144.641
AUS,DEU,2013,11947.695
AUS,DEU,2014,12946.857
AUS,DEU,2015,12419.814
AUS,DEU,2016,14140.376
AUS,DEU,2017,18580.454
AUS,GBR,2009,54682.454
AUS,GBR,2010,54556.357
AUS,GBR,2011,67202.236
AUS,GBR,2012,75848.075
AUS,GBR,2013,70283.688
AUS,GBR,2014,64452.956
AUS,GBR,2015,47266.019
AUS,GBR,2016,54038.35
AUS,GBR,2017,64873.255
AUS,ITA,2009,423.394
AUS,ITA,2010,586.442
AUS,ITA,2011,
AUS,ITA,2012,605.619
AUS,ITA,2013,805.851
AUS,ITA,2014,770.168
AUS,ITA,2015,
AUS,ITA,2016,430.535
AUS,ITA,2017,541.299
AUS,JPN,2009,40937.388
AUS,JPN,2010,51917.878
AUS,JPN,2011,55757.114
AUS,JPN,2012,66874.089
AUS,JPN,2013,60144.504
AUS,JPN,2014,58458.935
AUS,JPN,2015,63300.212
AUS,JPN,2016,65877.713
AUS,JPN,2017,72162.858
AUS,USA,2009,88070.506
AUS,USA,2010,112118.101
AUS,USA,2011,117380.081
AUS,USA,2012,136379.813
AUS,USA,2013,135084.22
AUS,USA,2014,133943.581
AUS,USA,2015,133580.039
AUS,USA,2016,139636.035
AUS,USA,2017,148131.191
AUT,CAN,2012,2587.071
AUT,CAN,2013,2947.18
AUT,CAN,2014,2497.404
AUT,CAN,2015,2919.978
AUT,CAN,2016,3706.124
AUT,CAN,2017,4535.86
AUT,DEU,2012,47712.401
AUT,DEU,2013,52180.389
AUT,DEU,2014,45400.055
AUT,DEU,2015,45058.247
AUT,DEU,2016,45979.762
AUT,DEU,2017,56224.514
AUT,GBR,2012,5089.71
AUT,GBR,2013,6499.793
AUT,GBR,2014,4663.358
AUT,GBR,2015,5259.662
AUT,GBR,2016,5716.243
AUT,GBR,2017,7179.18
AUT,ITA,2012,20978.892
AUT,ITA,2013,19347.676
AUT,ITA,2014,20404.165
AUT,ITA,2015,18500.817
AUT,ITA,2016,10314.114
AUT,ITA,2017,12059.247
AUT,JPN,2012,2597.625
AUT,JPN,2013,2654.806
AUT,JPN,2014,2578.748
AUT,JPN,2015,2102.341
AUT,JPN,2016,2142.932
AUT,JPN,2017,2489.806
AUT,USA,2012,18298.153
AUT,USA,2013,19975.176
AUT,USA,2014,18448.249
AUT,USA,2015,15551.443
AUT,USA,2016,14263.729
AUT,USA,2017,14140.082
BEL,CAN,2013,-55.165
BEL,CAN,2014,-781.88
BEL,CAN,2015,-312.466
BEL,CAN,2016,-144.408
BEL,CAN,2017,292.636
BEL,DEU,2013,14775.893
BEL,DEU,2014,10674.367
BEL,DEU,2015,15651.606
BEL,DEU,2016,10680.932
BEL,DEU,2017,2644.519
BEL,GBR,2013,-4873.811
BEL,GBR,2014,-7178.973
BEL,GBR,2015,-3011.432
BEL,GBR,2016,3897.966
BEL,GBR,2017,5189.494
BEL,ITA,2013,-2682.389
BEL,ITA,2014,135.979
BEL,ITA,2015,-1050.626
BEL,ITA,2016,-416.359
BEL,ITA,2017,215.879
BEL,JPN,2013,16858.364
BEL,JPN,2014,14085.988
BEL,JPN,2015,13285.792
BEL,JPN,2016,14292.189
BEL,JPN,2017,17108.419
BEL,USA,2013,-7448.628
BEL,USA,2014,-8654.105
BEL,USA,2015,-9404.464
BEL,USA,2016,2032.255
BEL,USA,2017,9702.567
CAN,CAN,2014,5233.21
CAN,CAN,2015,5321.532
CAN,CAN,2016,6439.264
CAN,DEU,2014,14897.836
CAN,DEU,2015,16653.179
CAN,DEU,2016,19018.396
CAN,GBR,2014,44750.41
CAN,GBR,2015,34830.925
CAN,GBR,2016,36052.73
CAN,ITA,2014,4501.25
CAN,ITA,2015,3887.283
CAN,ITA,2016,3691.07
CAN,JPN,2014,28161.911
CAN,JPN,2015,27344.653
CAN,JPN,2016,30373.874
CAN,USA,2014,327964.48
CAN,USA,2015,294033.96
CAN,USA,2016,314590.005
CZE,CAN,2013,280.335
CZE,CAN,2014,384.775
CZE,CAN,2015,393.299
CZE,CAN,2016,390.29
CZE,CAN,2017,490.086
CZE,DEU,2013,32464.694
CZE,DEU,2014,30319.798
CZE,DEU,2015,27595.06
CZE,DEU,2016,26097.462
CZE,DEU,2017,31006.733
CZE,GBR,2013,6282.66
CZE,GBR,2014,5930.482
CZE,GBR,2015,5350.883
CZE,GBR,2016,5604.089
CZE,GBR,2017,6442.915
CZE,ITA,2013,6591.42
CZE,ITA,2014,4912.048
CZE,ITA,2015,5612.496
CZE,ITA,2016,5676.585
CZE,ITA,2017,6465.741
CZE,JPN,2013,2248.507
CZE,JPN,2014,2211.12
CZE,JPN,2015,2676.783
CZE,JPN,2016,2519.323
CZE,JPN,2017,3314.145
CZE,USA,2013,10799.797
CZE,USA,2014,9625.004
CZE,USA,2015,9278.39
CZE,USA,2016,8867.472
CZE,USA,2017,10307.623
DNK,CAN,2013,9.053
DNK,CAN,2014,303.199
DNK,CAN,2015,139.678
DNK,CAN,2016,28.925
DNK,CAN,2017,66.53
DNK,DEU,2013,5183.365
DNK,DEU,2014,4781.096
DNK,DEU,2015,4707.76
DNK,DEU,2016,5113.572
DNK,DEU,2017,6387.39
DNK,GBR,2013,3602.453
DNK,GBR,2014,5716.176
DNK,GBR,2015,7865.007
DNK,GBR,2016,9527.564
DNK,GBR,2017,12534.433
DNK,ITA,2013,249.783
DNK,ITA,2014,229.523
DNK,ITA,2015,629.283
DNK,ITA,2016,457.123
DNK,ITA,2017,697.843
DNK,JPN,2013,8628.041
DNK,USA,2013,122.49
DNK,USA,2014,5812.232
DNK,USA,2015,5063.25
DNK,USA,2016,5539.36
DNK,USA,2017,6289.93
FIN,CAN,2013,2463.233
FIN,CAN,2014,2164.765
FIN,CAN,2015,
FIN,CAN,2016,1085.696
FIN,CAN,2017,1236.508
FIN,DEU,2013,1979.823
FIN,DEU,2014,3017.913
FIN,DEU,2015,
FIN,DEU,2016,2997.786
FIN,DEU,2017,3476.853
FIN,GBR,2013,813.281
FIN,GBR,2014,958.712
FIN,GBR,2015,
FIN,GBR,2016,746.284
FIN,GBR,2017,790.357
FIN,ITA,2013,581.258
FIN,ITA,2014,572.532
FIN,ITA,2015,
FIN,ITA,2016,937.072
FIN,ITA,2017,1027.824
FIN,JPN,2013,1518.384
FIN,JPN,2014,2007.126
FIN,JPN,2015,
FIN,JPN,2016,1467.271
FIN,JPN,2017,1989.686
FIN,USA,2013,9977.948
FIN,USA,2014,14185.01
FIN,USA,2015,
FIN,USA,2016,5332.56
FIN,USA,2017,9643.799
FRA,CAN,2011,2979.275
FRA,CAN,2012,3622.691
FRA,CAN,2013,289.615
FRA,CAN,2014,6519.717
FRA,CAN,2015,6796.952
FRA,CAN,2016,4983.662
FRA,DEU,2011,85928.756
FRA,DEU,2012,94069.921
FRA,DEU,2013,93907.047
FRA,DEU,2014,82772.482
FRA,DEU,2015,80557.431
FRA,DEU,2016,87551.386
FRA,GBR,2011,68887.306
FRA,GBR,2012,85127.968
FRA,GBR,2013,95468.211
FRA,GBR,2014,78614.189
FRA,GBR,2015,84679.369
FRA,GBR,2016,74725.414
FRA,ITA,2011,24804.404
FRA,ITA,2012,21697.889
FRA,ITA,2013,26685.974
FRA,ITA,2014,21329.309
FRA,ITA,2015,22089.276
FRA,ITA,2016,22682.618
FRA,JPN,2011,15313.472
FRA,JPN,2012,15579.156
FRA,JPN,2013,17412.771
FRA,JPN,2014,19860.248
FRA,JPN,2015,19314.099
FRA,JPN,2016,17156.108
FRA,USA,2011,136098.446
FRA,USA,2012,134116.095
FRA,USA,2013,149475.934
FRA,USA,2014,152084.236
FRA,USA,2015,130959.173
FRA,USA,2016,124481.923
DEU,CAN,2014,6888.803
DEU,DEU,2013,58961.523
DEU,DEU,2014,68773.909
DEU,DEU,2015,62546.543
DEU,DEU,2016,65667.756
DEU,GBR,2013,126880.43
DEU,GBR,2014,106889.364
DEU,GBR,2015,89879.151
DEU,GBR,2016,83473.174
DEU,ITA,2013,46217.074
DEU,ITA,2014,40730.627
DEU,ITA,2015,35062.602
DEU,ITA,2016,33448.93
DEU,JPN,2013,40951.593
DEU,JPN,2014,37229.162
DEU,JPN,2015,36272.183
DEU,JPN,2016,36612.206
DEU,USA,2013,210459.247
DEU,USA,2014,194859.408
DEU,USA,2015,171474.143
DEU,USA,2016,166381.364
GRC,CAN,2013,90.939
GRC,CAN,2014,1135.548
GRC,CAN,2015,748.941
GRC,CAN,2016,591.115
GRC,CAN,2017,863.892
GRC,DEU,2013,6300.269
GRC,DEU,2014,5532.145
GRC,DEU,2015,5559.073
GRC,DEU,2016,5226.189
GRC,DEU,2017,7167.561
GRC,GBR,2013,-362.114
GRC,GBR,2014,-847.539
GRC,GBR,2015,342.224
GRC,GBR,2016,106.454
GRC,GBR,2017,276.088
GRC,ITA,2013,1048.773
GRC,ITA,2014,940.571
GRC,ITA,2015,919.97
GRC,ITA,2016,1024.328
GRC,ITA,2017,1199.588
GRC,JPN,2013,43.899
GRC,JPN,2014,35.054
GRC,JPN,2015,46.809
GRC,JPN,2016,44.707
GRC,JPN,2017,46.935
GRC,USA,2013,1033.627
GRC,USA,2014,957.162
GRC,USA,2015,798.069
GRC,USA,2016,570.299
GRC,USA,2017,974.482
HUN,CAN,2014,395.417
HUN,CAN,2015,381.364
HUN,CAN,2016,352.302
HUN,DEU,2014,26092.918
HUN,DEU,2015,23741.505
HUN,DEU,2016,23432.677
HUN,GBR,2014,3809.269
HUN,GBR,2015,3311.052
HUN,GBR,2016,2690.68
HUN,ITA,2014,3179.735
HUN,ITA,2015,2742.286
HUN,ITA,2016,2943.274
HUN,JPN,2014,2323.066
HUN,JPN,2015,2276.201
HUN,JPN,2016,2513.878
HUN,USA,2014,18507.241
HUN,USA,2015,8473.78
HUN,USA,2016,12379.28
ISL,CAN,2013,159.288
ISL,CAN,2014,151.498
ISL,CAN,2015,157.676
ISL,CAN,2016,195.358
ISL,CAN,2017,190.159
ISL,DEU,2013,99.759
ISL,DEU,2014,83.602
ISL,DEU,2015,104.771
ISL,DEU,2016,83.362
ISL,DEU,2017,97.744
ISL,GBR,2013,672.635
ISL,GBR,2014,724.214
ISL,GBR,2015,744.445
ISL,GBR,2016,1648.677
ISL,GBR,2017,2016.038
ISL,ITA,2013,3.908
ISL,ITA,2014,4.035
ISL,ITA,2015,4.253
ISL,ITA,2016,5.985
ISL,ITA,2017,5.644
ISL,JPN,2013,0
ISL,JPN,2014,0
ISL,JPN,2015,0
ISL,JPN,2016,0
ISL,JPN,2017,0
ISL,USA,2013,5078.134
ISL,USA,2014,5039.962
ISL,USA,2015,5020.942
ISL,USA,2016,2603.741
ISL,USA,2017,2660.078
IRL,CAN,2012,4270.449
IRL,CAN,2013,4356.64
IRL,CAN,2014,4222.64
IRL,CAN,2015,1927.055
IRL,CAN,2016,2496.047
IRL,CAN,2017,454.545
IRL,DEU,2012,13609.499
IRL,DEU,2013,13449.179
IRL,DEU,2014,8936.99
IRL,DEU,2015,3928.144
IRL,DEU,2016,4759.144
IRL,DEU,2017,6487.167
IRL,GBR,2012,56860.158
IRL,GBR,2013,63545.718
IRL,GBR,2014,52281.574
IRL,GBR,2015,45333.696
IRL,GBR,2016,78049.963
IRL,GBR,2017,69762.533
IRL,ITA,2012,9332.454
IRL,ITA,2013,10045.511
IRL,ITA,2014,7562.629
IRL,ITA,2015,8373.435
IRL,ITA,2016,8216.507
IRL,ITA,2017,10055.169
IRL,JPN,2012,1746.702
IRL,JPN,2013,99.297
IRL,JPN,2014,2770.576
IRL,JPN,2015,1907.458
IRL,JPN,2016,2539.264
IRL,JPN,2017,513.313
IRL,USA,2012,28527.704
IRL,USA,2013,39484.209
IRL,USA,2014,21689.896
IRL,USA,2015,386820.904
IRL,USA,2016,235690.946
IRL,USA,2017,214670.185
ITA,CAN,2013,600.986
ITA,CAN,2014,708.605
ITA,CAN,2015,777.008
ITA,CAN,2016,1040.298
ITA,CAN,2017,826.298
ITA,DEU,2013,22925.465
ITA,DEU,2014,26206.769
ITA,DEU,2015,23779.493
ITA,DEU,2016,33038.571
ITA,DEU,2017,39995.249
ITA,GBR,2013,27746.395
ITA,GBR,2014,4975.093
ITA,GBR,2015,30131.905
ITA,GBR,2016,38059.946
ITA,GBR,2017,45023.165
ITA,ITA,2013,38345.464
ITA,ITA,2014,23526.598
ITA,ITA,2015,35484.417
ITA,ITA,2016,29524.431
ITA,ITA,2017,39387.143
ITA,JPN,2013,5609.182
ITA,JPN,2014,7008.413
ITA,JPN,2015,7104.051
ITA,JPN,2016,4646.864
ITA,JPN,2017,6474.095
ITA,USA,2013,39509.37
ITA,USA,2014,37564.701
ITA,USA,2015,30796.952
ITA,USA,2016,29692.216
ITA,USA,2017,36501.739
JPN,CAN,2017,1381.65
JPN,DEU,2017,7936.317
JPN,GBR,2017,6374.479
JPN,ITA,2017,632.174
JPN,USA,2017,70926.744
KOR,CAN,2013,1010.411
KOR,CAN,2014,1026.459
KOR,CAN,2015,1500.054
KOR,CAN,2016,2201.885
KOR,CAN,2017,2344.661
KOR,DEU,2013,6088.893
KOR,DEU,2014,6312.012
KOR,DEU,2015,6772.661
KOR,DEU,2016,6950.552
KOR,DEU,2017,8306.519
KOR,GBR,2013,13630.058
KOR,GBR,2014,13320.527
KOR,GBR,2015,13003.084
KOR,GBR,2016,13951.98
KOR,GBR,2017,14941.442
KOR,ITA,2013,306.771
KOR,ITA,2014,437.455
KOR,ITA,2015,197.876
KOR,ITA,2016,325.385
KOR,ITA,2017,567.004
KOR,JPN,2013,48005.43
KOR,JPN,2014,47867.82
KOR,JPN,2015,44596.002
KOR,JPN,2016,43315.111
KOR,JPN,2017,47519.252
KOR,USA,2013,30430.481
KOR,USA,2014,32059.685
KOR,USA,2015,32927.33
KOR,USA,2016,31751.893
KOR,USA,2017,33937.293
LUX,CAN,2012,126612.137
LUX,CAN,2013,138266.446
LUX,CAN,2014,186144.598
LUX,CAN,2015,195722.373
LUX,CAN,2016,197111.837
LUX,CAN,2017,193848.645
LUX,DEU,2012,52671.504
LUX,DEU,2013,39680.044
LUX,DEU,2014,76646.133
LUX,DEU,2015,75571.04
LUX,DEU,2016,78354.59
LUX,DEU,2017,107307.508
LUX,GBR,2012,500905.013
LUX,GBR,2013,479851.055
LUX,GBR,2014,429162.496
LUX,GBR,2015,537875.885
LUX,GBR,2016,484964.689
LUX,GBR,2017,505065.963
LUX,ITA,2012,-4372.032
LUX,ITA,2013,4957.937
LUX,ITA,2014,-6557.354
LUX,ITA,2015,-5902.014
LUX,ITA,2016,5673.026
LUX,ITA,2017,16169.345
LUX,JPN,2012,3196.57
LUX,JPN,2013,3000.965
LUX,JPN,2014,4044.167
LUX,JPN,2015,3364.181
LUX,JPN,2016,3862.127
LUX,JPN,2017,4104.102
LUX,USA,2012,453539.578
LUX,USA,2013,784777.272
LUX,USA,2014,685063.209
LUX,USA,2015,847392.488
LUX,USA,2016,856965.321
LUX,USA,2017,721872.152
MEX,CAN,2009,11376.394
MEX,CAN,2010,15448.998
MEX,CAN,2011,15224.82
MEX,CAN,2012,18898.505
MEX,CAN,2013,18518.471
MEX,CAN,2014,20164.406
MEX,CAN,2015,20819.123
MEX,CAN,2016,17749.204
MEX,CAN,2017,18033.684
MEX,DEU,2009,7319.762
MEX,DEU,2010,4379.513
MEX,DEU,2011,4673.466
MEX,DEU,2012,11285.394
MEX,DEU,2013,11749.299
MEX,DEU,2014,12942.699
MEX,DEU,2015,12322.111
MEX,DEU,2016,12177.913
MEX,DEU,2017,15488.401
MEX,GBR,2009,17107.978
MEX,GBR,2010,34294.142
MEX,GBR,2011,26466.108
MEX,GBR,2012,34444.685
MEX,GBR,2013,23230.423
MEX,GBR,2014,23057.535
MEX,GBR,2015,22166.977
MEX,GBR,2016,21575.472
MEX,GBR,2017,23845.214
MEX,ITA,2009,1186.393
MEX,ITA,2010,1178.006
MEX,ITA,2011,1185.231
MEX,ITA,2012,1617.305
MEX,ITA,2013,1700.633
MEX,ITA,2014,1995.568
MEX,ITA,2015,2029.385
MEX,ITA,2016,1812.783
MEX,ITA,2017,2377.362
MEX,JPN,2009,7777.538
MEX,JPN,2010,6666.043
MEX,JPN,2011,6299.784
MEX,JPN,2012,9470.184
MEX,JPN,2013,10968.897
MEX,JPN,2014,12600.96
MEX,JPN,2015,13313.028
MEX,JPN,2016,13672.112
MEX,JPN,2017,12634.322
MEX,USA,2009,176642.819
MEX,USA,2010,197376.677
MEX,USA,2011,183162.178
MEX,USA,2012,202216.369
MEX,USA,2013,212995.896
MEX,USA,2014,211770.606
MEX,USA,2015,215897.459
MEX,USA,2016,198867.39
MEX,USA,2017,215899.034
NLD,CAN,2013,1591.505
NLD,CAN,2014,1466.633
NLD,CAN,2015,2765.378
NLD,CAN,2016,3224.412
NLD,CAN,2017,3881.027
NLD,DEU,2013,75706.799
NLD,DEU,2014,97895.311
NLD,DEU,2015,159437.126
NLD,DEU,2016,115325.182
NLD,DEU,2017,141277.285
NLD,GBR,2013,95534.409
NLD,GBR,2014,253370.529
NLD,GBR,2015,161965.161
NLD,GBR,2016,143733.53
NLD,GBR,2017,196041.017
NLD,ITA,2013,7396.221
NLD,ITA,2014,9758.936
NLD,ITA,2015,54067.501
NLD,ITA,2016,51614.841
NLD,ITA,2017,59345.167
NLD,JPN,2013,14695.904
NLD,JPN,2014,18969.098
NLD,JPN,2015,19305.389
NLD,JPN,2016,16992.727
NLD,JPN,2017,22007.676
NLD,USA,2013,104708.316
NLD,USA,2014,126110.995
NLD,USA,2015,183285.792
NLD,USA,2016,240820.07
NLD,USA,2017,223166.227
NZL,CAN,2013,1602.271
NZL,CAN,2014,3064.597
NZL,CAN,2015,3184.059
NZL,CAN,2016,1877.384
NZL,CAN,2017,2563.764
NZL,DEU,2013,-333.288
NZL,DEU,2014,-228.688
NZL,DEU,2015,-183.927
NZL,DEU,2016,-184.175
NZL,DEU,2017,539.391
NZL,GBR,2013,6226.643
NZL,GBR,2014,5652.535
NZL,GBR,2015,2881.642
NZL,GBR,2016,3735.648
NZL,GBR,2017,3333.951
NZL,ITA,2013,0.777
NZL,ITA,2014,
NZL,ITA,2015,
NZL,ITA,2016,
NZL,ITA,2017,
NZL,JPN,2013,2640.868
NZL,JPN,2014,3796.791
NZL,JPN,2015,3319.127
NZL,JPN,2016,3639.549
NZL,JPN,2017,3937.742
NZL,USA,2013,6597.334
NZL,USA,2014,6090.958
NZL,USA,2015,5481.095
NZL,USA,2016,5628.227
NZL,USA,2017,5584.625
NOR,CAN,2013,3329.496
NOR,CAN,2014,1882.1
NOR,CAN,2015,750.851
NOR,CAN,2016,1191.415
NOR,CAN,2017,4739.342
NOR,DEU,2013,9395.878
NOR,DEU,2014,8166.891
NOR,DEU,2015,6982.179
NOR,DEU,2016,8057.773
NOR,DEU,2017,6238.855
NOR,GBR,2013,7750.621
NOR,GBR,2014,16834.051
NOR,GBR,2015,7554.824
NOR,GBR,2016,7269.49
NOR,GBR,2017,7509.988
NOR,ITA,2013,908.732
NOR,ITA,2014,757.066
NOR,ITA,2015,872.531
NOR,ITA,2016,740.371
NOR,ITA,2017,379.294
NOR,JPN,2013,1254.461
NOR,JPN,2014,1423.015
NOR,JPN,2015,955.392
NOR,JPN,2016,1028.074
NOR,JPN,2017,1411.084
NOR,USA,2013,16521.489
NOR,USA,2014,13278.869
NOR,USA,2015,6623.837
NOR,USA,2016,7603.248
NOR,USA,2017,8088.185
POL,CAN,2013,2303.054
POL,CAN,2014,2715.73
POL,CAN,2015,2466.511
POL,CAN,2016,1627.523
POL,CAN,2017,2101.096
POL,DEU,2013,39340.671
POL,DEU,2014,39026.181
POL,DEU,2015,34696.353
POL,DEU,2016,37405.815
POL,DEU,2017,48128.215
POL,GBR,2013,11813.811
POL,GBR,2014,12172.031
POL,GBR,2015,12323.927
POL,GBR,2016,11722.962
POL,GBR,2017,13819.278
POL,ITA,2013,12953.884
POL,ITA,2014,12965.864
POL,ITA,2015,10635.504
POL,ITA,2016,7641.215
POL,ITA,2017,5124.879
POL,JPN,2013,4362.683
POL,JPN,2014,3883.043
POL,JPN,2015,3759.918
POL,JPN,2016,4118.629
POL,JPN,2017,4996.256
POL,USA,2013,23170.352
POL,USA,2014,22921.183
POL,USA,2015,23636.023
POL,USA,2016,20441.583
POL,USA,2017,26203.549
PRT,CAN,2011,
PRT,CAN,2012,
PRT,CAN,2013,129.637
PRT,CAN,2014,142.05
PRT,CAN,2015,115.406
PRT,CAN,2016,109.624
PRT,CAN,2017,124.73
PRT,DEU,2011,
PRT,DEU,2012,
PRT,DEU,2013,3304.372
PRT,DEU,2014,3366.699
PRT,DEU,2015,2425.694
PRT,DEU,2016,1864.657
PRT,DEU,2017,2152.794
PRT,GBR,2011,
PRT,GBR,2012,
PRT,GBR,2013,8313.336
PRT,GBR,2014,8504.77
PRT,GBR,2015,9660.316
PRT,GBR,2016,9428.692
PRT,GBR,2017,11620.293
PRT,ITA,2011,
PRT,ITA,2012,
PRT,ITA,2013,2915.46
PRT,ITA,2014,892.363
PRT,ITA,2015,663.038
PRT,ITA,2016,384.737
PRT,ITA,2017,1086.592
PRT,JPN,2011,
PRT,JPN,2012,
PRT,JPN,2013,220.659
PRT,JPN,2014,296.24
PRT,JPN,2015,255.852
PRT,JPN,2016,273.005
PRT,JPN,2017,304.629
PRT,USA,2011,
PRT,USA,2012,
PRT,USA,2013,1293.615
PRT,USA,2014,1226.241
PRT,USA,2015,1700.599
PRT,USA,2016,1565.3
PRT,USA,2017,1646.678
SVK,CAN,2013,28.461
SVK,CAN,2014,28.017
SVK,CAN,2015,20.033
SVK,CAN,2016,25.046
SVK,CAN,2017,35.93
SVK,DEU,2013,4528.699
SVK,DEU,2014,4255.664
SVK,DEU,2015,3075.993
SVK,DEU,2016,2666.148
SVK,DEU,2017,3566.231
SVK,GBR,2013,535.021
SVK,GBR,2014,540.577
SVK,GBR,2015,491.998
SVK,GBR,2016,545.556
SVK,GBR,2017,1309.254
SVK,ITA,2013,5735.766
SVK,ITA,2014,3191.052
SVK,ITA,2015,3399.891
SVK,ITA,2016,2311.366
SVK,ITA,2017,2622.761
SVK,JPN,2013,58.282
SVK,JPN,2014,43.777
SVK,JPN,2015,44.203
SVK,JPN,2016,72.138
SVK,JPN,2017,125.158
SVK,USA,2013,142.157
SVK,USA,2014,305.115
SVK,USA,2015,331.519
SVK,USA,2016,-11.441
SVK,USA,2017,360.321
ESP,DEU,2013,47403.117
ESP,DEU,2014,41005.013
ESP,DEU,2015,39033.206
ESP,DEU,2016,42411.721
ESP,DEU,2017,51887.743
ESP,GBR,2013,75970.211
ESP,GBR,2014,71095.268
ESP,GBR,2015,68239.521
ESP,GBR,2016,72232.529
ESP,GBR,2017,85971.456
ESP,ITA,2013,46046.063
ESP,ITA,2014,41714.048
ESP,ITA,2015,36819.815
ESP,ITA,2016,32802.783
ESP,ITA,2017,32409.451
ESP,JPN,2013,1609.433
ESP,JPN,2014,1823.578
ESP,JPN,2015,1934.676
ESP,JPN,2016,2525.561
ESP,JPN,2017,2844.807
ESP,USA,2013,33320.921
ESP,USA,2014,24957.04
ESP,USA,2015,22885.139
ESP,USA,2016,23206.493
ESP,USA,2017,28040.297
SWE,CAN,2013,6195.087
SWE,CAN,2014,2797.984
SWE,CAN,2015,3575.964
SWE,CAN,2016,2411.776
SWE,CAN,2017,1838.207
SWE,DEU,2013,25737.103
SWE,DEU,2014,24019.904
SWE,DEU,2015,30085.655
SWE,DEU,2016,27933.614
SWE,DEU,2017,31930.921
SWE,GBR,2013,44137.426
SWE,GBR,2014,39557.193
SWE,GBR,2015,40751.232
SWE,GBR,2016,37160.513
SWE,GBR,2017,50074.44
SWE,ITA,2013,1398.705
SWE,ITA,2014,927.75
SWE,ITA,2015,851.341
SWE,ITA,2016,966.432
SWE,ITA,2017,1163.986
SWE,JPN,2013,4267.256
SWE,JPN,2014,2637.586
SWE,JPN,2015,3043.195
SWE,JPN,2016,3000.265
SWE,JPN,2017,4604.898
SWE,USA,2013,34437.716
SWE,USA,2014,22361.897
SWE,USA,2015,19741.731
SWE,USA,2016,26117.058
SWE,USA,2017,24225.268
CHE,CAN,2014,32808.266
CHE,CAN,2015,38515.411
CHE,CAN,2016,34915.693
CHE,CAN,2017,37818.782
CHE,DEU,2014,32897.405
CHE,DEU,2015,32802.753
CHE,DEU,2016,31378.231
CHE,DEU,2017,36276.844
CHE,GBR,2014,24906.305
CHE,GBR,2015,34199.734
CHE,GBR,2016,49449.258
CHE,GBR,2017,61902.081
CHE,ITA,2014,5417.735
CHE,ITA,2015,6230.436
CHE,ITA,2016,6670.375
CHE,ITA,2017,6664.188
CHE,JPN,2014,9664.206
CHE,JPN,2015,11113.608
CHE,JPN,2016,24238.812
CHE,JPN,2017,25991.779
CHE,USA,2014,307592.942
CHE,USA,2015,315829.365
CHE,USA,2016,445829.765
CHE,USA,2017,468811.808
TUR,CAN,2016,879.74
TUR,CAN,2017,1385.71
TUR,DEU,2016,15383.35
TUR,DEU,2017,20231.92
TUR,GBR,2016,12756.62
TUR,GBR,2017,16561.39
TUR,ITA,2016,4207.29
TUR,ITA,2017,5475.17
TUR,JPN,2016,3041.53
TUR,JPN,2017,4717.37
TUR,USA,2016,6058.8
TUR,USA,2017,8527.63
GBR,CAN,2013,26391.634
GBR,CAN,2015,25080.024
GBR,CAN,2017,25777.598
GBR,DEU,2013,83491.436
GBR,DEU,2014,78145.086
GBR,DEU,2015,74831.061
GBR,DEU,2016,73599.459
GBR,DEU,2017,60671.531
GBR,GBR,2013,0
GBR,GBR,2014,0
GBR,GBR,2015,0
GBR,GBR,2016,0
GBR,GBR,2017,0
GBR,ITA,2013,13405.797
GBR,ITA,2014,6925.117
GBR,ITA,2015,11338.174
GBR,ITA,2016,6223.398
GBR,ITA,2017,11594.379
GBR,JPN,2013,55111.989
GBR,JPN,2014,59644.306
GBR,JPN,2015,61144.043
GBR,JPN,2016,57189.076
GBR,JPN,2017,66967.977
GBR,USA,2013,420385.375
GBR,USA,2014,394881.435
GBR,USA,2015,458850.03
GBR,USA,2016,379012.179
GBR,USA,2017,379278.476
USA,CAN,2011,247219
USA,CAN,2012,246159
USA,CAN,2013,266715
USA,CAN,2014,328089
USA,CAN,2015,394814
USA,CAN,2016,457557
USA,CAN,2017,523761
USA,DEU,2011,251183
USA,DEU,2012,273098
USA,DEU,2013,284818
USA,DEU,2014,327995
USA,DEU,2015,356982
USA,DEU,2016,371148
USA,DEU,2017,405552
USA,GBR,2011,513506
USA,GBR,2012,581023
USA,GBR,2013,583820
USA,GBR,2014,520463
USA,GBR,2015,558931
USA,GBR,2016,572206
USA,GBR,2017,614865
USA,ITA,2011,30404
USA,ITA,2012,34422
USA,ITA,2013,31439
USA,ITA,2014,33071
USA,ITA,2015,34425
USA,ITA,2016,35258
USA,ITA,2017,35672
USA,JPN,2011,277396
USA,JPN,2012,302628
USA,JPN,2013,352907
USA,JPN,2014,373120
USA,JPN,2015,404081
USA,JPN,2016,422243
USA,JPN,2017,476878
USA,USA,2011,90765
USA,USA,2012,93626
USA,USA,2013,80941
USA,USA,2014,87833
USA,USA,2015,83796
USA,USA,2016,73410
USA,USA,2017,75565
CHL,CAN,2009,7207.958
CHL,CAN,2010,7573.12
CHL,CAN,2011,11032.744
CHL,CAN,2012,15368.515
CHL,CAN,2013,19742.222
CHL,CAN,2014,22694.696
CHL,CAN,2015,22411.368
CHL,CAN,2016,24979.769
CHL,CAN,2017,26646.973
CHL,DEU,2009,576.351
CHL,DEU,2010,583.387
CHL,DEU,2011,464.651
CHL,DEU,2012,734.291
CHL,DEU,2013,1418.273
CHL,DEU,2014,720.015
CHL,DEU,2015,389.585
CHL,DEU,2016,583.54
CHL,DEU,2017,705.565
CHL,GBR,2009,983.352
CHL,GBR,2010,1056.277
CHL,GBR,2011,2231.877
CHL,GBR,2012,3644.716
CHL,GBR,2013,5130.566
CHL,GBR,2014,6192.011
CHL,GBR,2015,7331.61
CHL,GBR,2016,6266.079
CHL,GBR,2017,8907.842
CHL,ITA,2009,965.054
CHL,ITA,2010,1357.48
CHL,ITA,2011,1753.265
CHL,ITA,2012,1164.01
CHL,ITA,2013,872.003
CHL,ITA,2014,1144.538
CHL,ITA,2015,1983.882
CHL,ITA,2016,2850.265
CHL,ITA,2017,7862.359
CHL,JPN,2009,988.812
CHL,JPN,2010,3074.257
CHL,JPN,2011,4003.53
CHL,JPN,2012,4656.043
CHL,JPN,2013,5256.286
CHL,JPN,2014,5352.473
CHL,JPN,2015,4373.041
CHL,JPN,2016,4378.557
CHL,JPN,2017,5113.954
CHL,USA,2009,16912.734
CHL,USA,2010,18765.201
CHL,USA,2011,24376.35
CHL,USA,2012,32180.699
CHL,USA,2013,32747.096
CHL,USA,2014,33381.305
CHL,USA,2015,31879.997
CHL,USA,2016,33628.199
CHL,USA,2017,31749.791
EST,CAN,2013,73.34
EST,CAN,2014,73.65
EST,CAN,2015,50.246
EST,CAN,2016,66.914
EST,CAN,2017,84.097
EST,DEU,2013,806.609
EST,DEU,2014,744.86
EST,DEU,2015,575.069
EST,DEU,2016,587.964
EST,DEU,2017,681.606
EST,GBR,2013,402.409
EST,GBR,2014,408.828
EST,GBR,2015,399.786
EST,GBR,2016,370.189
EST,GBR,2017,458.143
EST,ITA,2013,103.091
EST,ITA,2014,137.945
EST,ITA,2015,131.556
EST,ITA,2016,172.357
EST,ITA,2017,179.608
EST,JPN,2013,149.144
EST,JPN,2014,110.143
EST,JPN,2015,130.51
EST,JPN,2016,136.613
EST,JPN,2017,161.925
EST,USA,2013,743.015
EST,USA,2014,691.639
EST,USA,2015,721.261
EST,USA,2016,707.447
EST,USA,2017,820.265
ISR,CAN,2011,4059.607
ISR,CAN,2012,4484.261
ISR,CAN,2013,4690.054
ISR,CAN,2014,5440.016
ISR,CAN,2015,3959
ISR,CAN,2016,3835
ISR,CAN,2017,4708
ISR,DEU,2011,53.456
ISR,DEU,2012,50.292
ISR,DEU,2013,245.737
ISR,DEU,2014,404.642
ISR,DEU,2015,468
ISR,DEU,2016,489
ISR,DEU,2017,525
ISR,GBR,2011,1477.62
ISR,GBR,2012,1563.934
ISR,GBR,2013,2739.811
ISR,GBR,2014,2392.078
ISR,GBR,2015,2264
ISR,GBR,2016,2442
ISR,GBR,2017,2759
ISR,ITA,2011,
ISR,ITA,2012,
ISR,ITA,2013,
ISR,ITA,2014,
ISR,ITA,2015,
ISR,ITA,2016,
ISR,ITA,2017,
ISR,JPN,2012,44.191
ISR,JPN,2013,54.587
ISR,JPN,2014,125.472
ISR,JPN,2015,0
ISR,JPN,2016,359
ISR,JPN,2017,1466
ISR,USA,2011,15509.973
ISR,USA,2012,15509.681
ISR,USA,2013,15827.976
ISR,USA,2014,15299.777
ISR,USA,2015,16853
ISR,USA,2016,18680
ISR,USA,2017,21103
LVA,CAN,2005,2.359
LVA,CAN,2006,2.634
LVA,CAN,2007,4.416
LVA,CAN,2008,5.567
LVA,CAN,2009,14.407
LVA,CAN,2010,20.043
LVA,CAN,2011,11.658
LVA,CAN,2012,9.235
LVA,CAN,2013,4.137
LVA,CAN,2014,25.496
LVA,CAN,2015,17.42
LVA,CAN,2016,12.649
LVA,CAN,2017,14.392
LVA,DEU,2005,620.522
LVA,DEU,2006,831.027
LVA,DEU,2007,934.783
LVA,DEU,2008,713.942
LVA,DEU,2009,743.409
LVA,DEU,2010,563.87
LVA,DEU,2011,590.674
LVA,DEU,2012,653.034
LVA,DEU,2013,754.379
LVA,DEU,2014,888.721
LVA,DEU,2015,792.597
LVA,DEU,2016,641.931
LVA,DEU,2017,780.763
LVA,GBR,2005,104.993
LVA,GBR,2006,213.354
LVA,GBR,2007,275.283
LVA,GBR,2008,212.93
LVA,GBR,2009,230.514
LVA,GBR,2010,241.849
LVA,GBR,2011,345.855
LVA,GBR,2012,389.182
LVA,GBR,2013,462.005
LVA,GBR,2014,491.71
LVA,GBR,2015,544.366
LVA,GBR,2016,443.765
LVA,GBR,2017,521.708
LVA,ITA,2005,10.617
LVA,ITA,2006,22.389
LVA,ITA,2007,30.914
LVA,ITA,2008,45.926
LVA,ITA,2009,44.662
LVA,ITA,2010,58.792
LVA,ITA,2011,69.948
LVA,ITA,2012,65.963
LVA,ITA,2013,24.824
LVA,ITA,2014,32.781
LVA,ITA,2015,33.751
LVA,ITA,2016,101.191
LVA,ITA,2017,91.149
LVA,JPN,2005,0
LVA,JPN,2006,0
LVA,JPN,2007,0
LVA,JPN,2008,0
LVA,JPN,2009,0
LVA,JPN,2010,0
LVA,JPN,2011,0
LVA,JPN,2012,0
LVA,JPN,2013,0
LVA,JPN,2014,0
LVA,JPN,2015,0
LVA,JPN,2016,1.054
LVA,JPN,2017,0
LVA,USA,2005,324.418
LVA,USA,2006,439.878
LVA,USA,2007,488.737
LVA,USA,2008,441.169
LVA,USA,2009,439.418
LVA,USA,2010,348.744
LVA,USA,2011,356.218
LVA,USA,2012,335.092
LVA,USA,2013,217.901
LVA,USA,2014,180.901
LVA,USA,2015,166.576
LVA,USA,2016,205.544
LVA,USA,2017,173.903
LTU,CAN,2013,160.378
LTU,CAN,2014,123.195
LTU,CAN,2015,109.886
LTU,CAN,2016,107.79
LTU,CAN,2017,159.319
LTU,DEU,2013,1767.053
LTU,DEU,2014,1350.965
LTU,DEU,2015,1357.137
LTU,DEU,2016,1096.089
LTU,DEU,2017,1296.642
LTU,GBR,2013,306.096
LTU,GBR,2014,451.208
LTU,GBR,2015,434.818
LTU,GBR,2016,255.075
LTU,GBR,2017,256.896
LTU,ITA,2013,19.432
LTU,ITA,2014,15.443
LTU,ITA,2015,10.136
LTU,ITA,2016,29.388
LTU,ITA,2017,35.464
LTU,JPN,2013,
LTU,JPN,2016,-0.053
LTU,JPN,2017,0.288
LTU,USA,2013,185.312
LTU,USA,2014,187.833
LTU,USA,2015,214.513
LTU,USA,2016,229.577
LTU,USA,2017,371.18
SVN,DEU,2017,2386.052
SVN,GBR,2017,430.667
SVN,ITA,2017,1550.568
SVN,JPN,2017,381.31
SVN,USA,2017,2173.47
AUS,FRA,2009,11678.328
AUS,FRA,2010,13176.136
AUS,FRA,2011,7289.634
AUS,FRA,2012,7198.751
AUS,FRA,2013,4902.482
AUS,FRA,2014,4703.027
AUS,FRA,2015,4670.125
AUS,FRA,2016,4426.918
AUS,FRA,2017,4902.114
AUT,FRA,2012,5207.124
AUT,FRA,2013,4236.657
AUT,FRA,2014,3942.183
AUT,FRA,2015,4604.246
AUT,FRA,2016,3677.664
AUT,FRA,2017,4840.489
BEL,FRA,2013,146778.375
BEL,FRA,2014,130485.397
BEL,FRA,2015,115236.799
BEL,FRA,2016,124142.511
BEL,FRA,2017,132229.551
CAN,FRA,2014,14165.014
CAN,FRA,2015,8338.15
CAN,FRA,2016,10501.974
CZE,FRA,2013,9127.418
CZE,FRA,2014,8276.929
CZE,FRA,2015,8957.71
CZE,FRA,2016,10620.306
CZE,FRA,2017,12624.835
DNK,FRA,2013,2467.161
DNK,FRA,2014,3082.791
DNK,FRA,2015,4537.921
DNK,FRA,2016,4272.913
DNK,FRA,2017,11199.317
FIN,FRA,2013,1433.113
FIN,FRA,2014,1654.589
FIN,FRA,2015,
FIN,FRA,2016,1687.572
FIN,FRA,2017,2191.173
FRA,FRA,2011,24220.207
FRA,FRA,2012,29056.728
FRA,FRA,2013,32447.938
FRA,FRA,2014,32915.465
FRA,FRA,2015,46694.611
FRA,FRA,2016,49040.793
DEU,FRA,2013,68973.935
DEU,FRA,2014,59195.874
DEU,FRA,2015,54028.307
DEU,FRA,2016,52525.561
GRC,FRA,2013,3017.305
GRC,FRA,2014,1836.634
GRC,FRA,2015,2059.995
GRC,FRA,2016,1464.161
GRC,FRA,2017,1782.137
HUN,FRA,2014,4811.838
HUN,FRA,2015,4270.97
HUN,FRA,2016,4407.328
ISL,FRA,2013,5.903
ISL,FRA,2014,6.292
ISL,FRA,2015,8.458
ISL,FRA,2016,15.146
ISL,FRA,2017,18.88
IRL,FRA,2012,22740.106
IRL,FRA,2013,27203.144
IRL,FRA,2014,18576.944
IRL,FRA,2015,20562.874
IRL,FRA,2016,20509.118
IRL,FRA,2017,18111.058
ITA,FRA,2013,68100.036
ITA,FRA,2014,61243.892
ITA,FRA,2015,51696.52
ITA,FRA,2016,52590.726
ITA,FRA,2017,56542.094
JPN,FRA,2017,39116.056
KOR,FRA,2013,7152.054
KOR,FRA,2014,5672.695
KOR,FRA,2015,5315.576
KOR,FRA,2016,4205.145
KOR,FRA,2017,5375.571
LUX,FRA,2012,29034.301
LUX,FRA,2013,-7141.084
LUX,FRA,2014,12141
LUX,FRA,2015,18118.672
LUX,FRA,2016,-171.814
LUX,FRA,2017,5041.976
MEX,FRA,2009,4336.219
MEX,FRA,2010,4527.859
MEX,FRA,2011,3937.674
MEX,FRA,2012,5020.365
MEX,FRA,2013,4773.459
MEX,FRA,2014,5795.726
MEX,FRA,2015,6167.378
MEX,FRA,2016,5821.991
MEX,FRA,2017,5870.016
NLD,FRA,2013,57386.567
NLD,FRA,2014,64425.002
NLD,FRA,2015,50949.374
NLD,FRA,2016,44992.094
NLD,FRA,2017,83956.584
NZL,FRA,2013,161.746
NZL,FRA,2014,105.094
NZL,FRA,2015,72.469
NZL,FRA,2016,75.469
NZL,FRA,2017,74.994
NOR,FRA,2013,11927.992
NOR,FRA,2014,10633.378
NOR,FRA,2015,7326.107
NOR,FRA,2016,7331.09
NOR,FRA,2017,6643.605
POL,FRA,2013,22406.939
POL,FRA,2014,22591.586
POL,FRA,2015,24032.804
POL,FRA,2016,19054.864
POL,FRA,2017,23266.715
PRT,FRA,2011,
PRT,FRA,2012,
PRT,FRA,2013,6146.738
PRT,FRA,2014,6191.91
PRT,FRA,2015,5449.102
PRT,FRA,2016,6015.6
PRT,FRA,2017,7691.293
SVK,FRA,2013,1305.991
SVK,FRA,2014,1164.99
SVK,FRA,2015,917.148
SVK,FRA,2016,881.887
SVK,FRA,2017,1096.833
ESP,FRA,2013,54955.179
ESP,FRA,2014,50018.492
ESP,FRA,2015,49139.902
ESP,FRA,2016,49944.134
ESP,FRA,2017,58833.053
SWE,FRA,2013,5221.52
SWE,FRA,2014,3939.899
SWE,FRA,2015,5498.057
SWE,FRA,2016,5171.261
SWE,FRA,2017,7847.953
CHE,FRA,2014,44948.658
CHE,FRA,2015,43621.691
CHE,FRA,2016,39009.86
CHE,FRA,2017,44547.785
TUR,FRA,2016,6174.84
TUR,FRA,2017,7886.46
GBR,FRA,2013,116368.577
GBR,FRA,2014,118638.066
GBR,FRA,2015,103141.672
GBR,FRA,2016,73722.475
GBR,FRA,2017,92834.752
USA,FRA,2011,208736
USA,FRA,2012,226658
USA,FRA,2013,214149
USA,FRA,2014,218339
USA,FRA,2015,255524
USA,FRA,2016,272149
USA,FRA,2017,301540
CHL,FRA,2009,1341.553
CHL,FRA,2010,1644.291
CHL,FRA,2011,1723.863
CHL,FRA,2012,1239.753
CHL,FRA,2013,1358.605
CHL,FRA,2014,1398.26
CHL,FRA,2015,1269.266
CHL,FRA,2016,1137.335
CHL,FRA,2017,1410.779
EST,FRA,2013,384.45
EST,FRA,2014,303.408
EST,FRA,2015,379.68
EST,FRA,2016,444.243
EST,FRA,2017,573.723
ISR,FRA,2011,972.294
ISR,FRA,2012,373.35
ISR,FRA,2013,387.306
ISR,FRA,2014,518.009
ISR,FRA,2015,829
ISR,FRA,2016,853
ISR,FRA,2017,823
LVA,FRA,2005,22.414
LVA,FRA,2006,22.389
LVA,FRA,2007,39.747
LVA,FRA,2008,94.636
LVA,FRA,2009,77.799
LVA,FRA,2010,72.154
LVA,FRA,2011,64.767
LVA,FRA,2012,71.24
LVA,FRA,2013,81.368
LVA,FRA,2014,98.342
LVA,FRA,2015,87.099
LVA,FRA,2016,95.921
LVA,FRA,2017,116.335
LTU,FRA,2013,400.276
LTU,FRA,2014,363.647
LTU,FRA,2015,363.985
LTU,FRA,2016,379.836
LTU,FRA,2017,599.652
SVN,FRA,2017,802.639
AUT,CAN,2012,1.57
AUT,CAN,2013,1.648
AUT,CAN,2014,1.421
AUT,CAN,2015,1.828
AUT,CAN,2016,2.44
AUT,CAN,2017,2.349
AUT,DEU,2012,28.96
AUT,DEU,2013,29.179
AUT,DEU,2014,25.831
AUT,DEU,2015,28.21
AUT,DEU,2016,30.267
AUT,DEU,2017,29.119
AUT,FRA,2012,3.161
AUT,FRA,2013,2.369
AUT,FRA,2014,2.243
AUT,FRA,2015,2.883
AUT,FRA,2016,2.421
AUT,FRA,2017,2.507
AUT,GBR,2012,3.089
AUT,GBR,2013,3.635
AUT,GBR,2014,2.653
AUT,GBR,2015,3.293
AUT,GBR,2016,3.763
AUT,GBR,2017,3.718
AUT,ITA,2012,12.734
AUT,ITA,2013,10.819
AUT,ITA,2014,11.609
AUT,ITA,2015,11.583
AUT,ITA,2016,6.79
AUT,ITA,2017,6.245
AUT,JPN,2012,1.577
AUT,JPN,2013,1.485
AUT,JPN,2014,1.467
AUT,JPN,2015,1.316
AUT,JPN,2016,1.411
AUT,JPN,2017,1.289
AUT,USA,2012,11.106
AUT,USA,2013,11.17
AUT,USA,2014,10.497
AUT,USA,2015,9.736
AUT,USA,2016,9.389
AUT,USA,2017,7.323
BEL,CAN,2017,0.052
BEL,DEU,2013,2.956
BEL,DEU,2014,2.15
BEL,DEU,2015,3.004
BEL,DEU,2016,2.138
BEL,DEU,2017,0.469
BEL,FRA,2013,29.362
BEL,FRA,2014,26.279
BEL,FRA,2015,22.119
BEL,FRA,2016,24.85
BEL,FRA,2017,23.432
BEL,GBR,2016,0.78
BEL,GBR,2017,0.92
BEL,ITA,2014,0.027
BEL,ITA,2017,0.038
BEL,JPN,2013,3.372
BEL,JPN,2014,2.837
BEL,JPN,2015,2.55
BEL,JPN,2016,2.861
BEL,JPN,2017,3.032
BEL,USA,2016,0.407
BEL,USA,2017,1.719
CAN,CAN,2014,0.815
CAN,CAN,2015,0.941
CAN,CAN,2016,1.069
CAN,DEU,2014,2.32
CAN,DEU,2015,2.944
CAN,DEU,2016,3.158
CAN,FRA,2014,2.206
CAN,FRA,2015,1.474
CAN,FRA,2016,1.744
CAN,GBR,2014,6.97
CAN,GBR,2015,6.157
CAN,GBR,2016,5.986
CAN,ITA,2014,0.701
CAN,ITA,2015,0.687
CAN,ITA,2016,0.613
CAN,JPN,2014,4.387
CAN,JPN,2015,4.834
CAN,JPN,2016,5.043
CAN,USA,2014,51.084
CAN,USA,2015,51.978
CAN,USA,2016,52.23
CZE,CAN,2013,0.209
CZE,CAN,2014,0.317
CZE,CAN,2015,0.337
CZE,CAN,2016,0.32
CZE,CAN,2017,0.328
CZE,DEU,2013,24.212
CZE,DEU,2014,24.952
CZE,DEU,2015,23.661
CZE,DEU,2016,21.417
CZE,DEU,2017,20.732
CZE,FRA,2013,6.807
CZE,FRA,2014,6.812
CZE,FRA,2015,7.681
CZE,FRA,2016,8.716
CZE,FRA,2017,8.442
CZE,GBR,2013,4.686
CZE,GBR,2014,4.881
CZE,GBR,2015,4.588
CZE,GBR,2016,4.599
CZE,GBR,2017,4.308
CZE,ITA,2013,4.916
CZE,ITA,2014,4.042
CZE,ITA,2015,4.812
CZE,ITA,2016,4.658
CZE,ITA,2017,4.323
CZE,JPN,2013,1.677
CZE,JPN,2014,1.82
CZE,JPN,2015,2.295
CZE,JPN,2016,2.067
CZE,JPN,2017,2.216
CZE,USA,2013,8.054
CZE,USA,2014,7.921
CZE,USA,2015,7.956
CZE,USA,2016,7.277
CZE,USA,2017,6.892
DNK,CAN,2013,0.01
DNK,CAN,2014,0.317
DNK,CAN,2015,0.152
DNK,CAN,2016,0.03
DNK,CAN,2017,0.056
DNK,DEU,2013,5.486
DNK,DEU,2014,4.992
DNK,DEU,2015,5.11
DNK,DEU,2016,5.23
DNK,DEU,2017,5.392
DNK,FRA,2013,2.611
DNK,FRA,2014,3.219
DNK,FRA,2015,4.926
DNK,FRA,2016,4.371
DNK,FRA,2017,9.454
DNK,GBR,2013,3.813
DNK,GBR,2014,5.969
DNK,GBR,2015,8.537
DNK,GBR,2016,9.745
DNK,GBR,2017,10.581
DNK,ITA,2013,0.264
DNK,ITA,2014,0.24
DNK,ITA,2015,0.683
DNK,ITA,2016,0.468
DNK,ITA,2017,0.589
DNK,JPN,2013,9.132
DNK,USA,2013,0.13
DNK,USA,2014,6.069
DNK,USA,2015,5.496
DNK,USA,2016,5.666
DNK,USA,2017,5.31
FIN,CAN,2013,2.774
FIN,CAN,2014,2.354
FIN,CAN,2015,
FIN,CAN,2016,1.348
FIN,CAN,2017,1.403
FIN,DEU,2013,2.229
FIN,DEU,2014,3.281
FIN,DEU,2015,
FIN,DEU,2016,3.721
FIN,DEU,2017,3.946
FIN,FRA,2013,1.614
FIN,FRA,2014,1.799
FIN,FRA,2015,
FIN,FRA,2016,2.095
FIN,FRA,2017,2.487
FIN,GBR,2013,0.916
FIN,GBR,2014,1.042
FIN,GBR,2015,
FIN,GBR,2016,0.926
FIN,GBR,2017,0.897
FIN,ITA,2013,0.655
FIN,ITA,2014,0.623
FIN,ITA,2015,
FIN,ITA,2016,1.163
FIN,ITA,2017,1.167
FIN,JPN,2013,1.71
FIN,JPN,2014,2.182
FIN,JPN,2015,
FIN,JPN,2016,1.821
FIN,JPN,2017,2.258
FIN,USA,2013,11.236
FIN,USA,2014,15.423
FIN,USA,2015,
FIN,USA,2016,6.619
FIN,USA,2017,10.945
FRA,CAN,2011,0.434
FRA,CAN,2012,0.532
FRA,CAN,2013,0.038
FRA,CAN,2014,0.931
FRA,CAN,2015,0.989
FRA,CAN,2016,0.707
FRA,DEU,2011,12.519
FRA,DEU,2012,13.827
FRA,DEU,2013,12.334
FRA,DEU,2014,11.824
FRA,DEU,2015,11.719
FRA,DEU,2016,12.421
FRA,FRA,2011,3.529
FRA,FRA,2012,4.271
FRA,FRA,2013,4.262
FRA,FRA,2014,4.702
FRA,FRA,2015,6.793
FRA,FRA,2016,6.957
FRA,GBR,2011,10.036
FRA,GBR,2012,12.513
FRA,GBR,2013,12.539
FRA,GBR,2014,11.23
FRA,GBR,2015,12.319
FRA,GBR,2016,10.601
FRA,ITA,2011,3.614
FRA,ITA,2012,3.189
FRA,ITA,2013,3.505
FRA,ITA,2014,3.047
FRA,ITA,2015,3.213
FRA,ITA,2016,3.218
FRA,JPN,2011,2.231
FRA,JPN,2012,2.29
FRA,JPN,2013,2.287
FRA,JPN,2014,2.837
FRA,JPN,2015,2.81
FRA,JPN,2016,2.434
FRA,USA,2011,19.829
FRA,USA,2012,19.713
FRA,USA,2013,19.632
FRA,USA,2014,21.724
FRA,USA,2015,19.052
FRA,USA,2016,17.66
DEU,CAN,2014,0.801
DEU,DEU,2013,6.093
DEU,DEU,2014,8.001
DEU,DEU,2015,8.001
DEU,DEU,2016,8.504
DEU,FRA,2013,7.128
DEU,FRA,2014,6.887
DEU,FRA,2015,6.911
DEU,FRA,2016,6.802
DEU,GBR,2013,13.112
DEU,GBR,2014,12.435
DEU,GBR,2015,11.497
DEU,GBR,2016,10.809
DEU,ITA,2013,4.776
DEU,ITA,2014,4.739
DEU,ITA,2015,4.485
DEU,ITA,2016,4.332
DEU,JPN,2013,4.232
DEU,JPN,2014,4.331
DEU,JPN,2015,4.64
DEU,JPN,2016,4.741
DEU,USA,2013,21.748
DEU,USA,2014,22.67
DEU,USA,2015,21.935
DEU,USA,2016,21.546
GRC,CAN,2013,0.352
GRC,CAN,2014,5.269
GRC,CAN,2015,3.11
GRC,CAN,2016,2.401
GRC,CAN,2017,2.655
GRC,DEU,2013,24.372
GRC,DEU,2014,25.671
GRC,DEU,2015,23.084
GRC,DEU,2016,21.232
GRC,DEU,2017,22.029
GRC,FRA,2013,11.672
GRC,FRA,2014,8.523
GRC,FRA,2015,8.554
GRC,FRA,2016,5.948
GRC,FRA,2017,5.477
GRC,GBR,2015,1.421
GRC,GBR,2016,0.432
GRC,GBR,2017,0.849
GRC,ITA,2013,4.057
GRC,ITA,2014,4.365
GRC,ITA,2015,3.82
GRC,ITA,2016,4.161
GRC,ITA,2017,3.687
GRC,JPN,2013,0.17
GRC,JPN,2014,0.163
GRC,JPN,2015,0.194
GRC,JPN,2016,0.182
GRC,JPN,2017,0.144
GRC,USA,2013,3.998
GRC,USA,2014,4.442
GRC,USA,2015,3.314
GRC,USA,2016,2.317
GRC,USA,2017,2.995
HUN,CAN,2014,0.397
HUN,CAN,2015,0.449
HUN,CAN,2016,0.436
HUN,DEU,2014,26.205
HUN,DEU,2015,27.978
HUN,DEU,2016,29.029
HUN,FRA,2014,4.832
HUN,FRA,2015,5.033
HUN,FRA,2016,5.46
HUN,GBR,2014,3.826
HUN,GBR,2015,3.902
HUN,GBR,2016,3.333
HUN,ITA,2014,3.193
HUN,ITA,2015,3.232
HUN,ITA,2016,3.646
HUN,JPN,2014,2.333
HUN,JPN,2015,2.682
HUN,JPN,2016,3.114
HUN,USA,2014,18.587
HUN,USA,2015,9.986
HUN,USA,2016,15.336
ISL,CAN,2013,2.162
ISL,CAN,2014,1.92
ISL,CAN,2015,2.008
ISL,CAN,2016,1.985
ISL,CAN,2017,1.877
ISL,DEU,2013,1.354
ISL,DEU,2014,1.06
ISL,DEU,2015,1.334
ISL,DEU,2016,0.847
ISL,DEU,2017,0.965
ISL,FRA,2013,0.08
ISL,FRA,2014,0.08
ISL,FRA,2015,0.108
ISL,FRA,2016,0.154
ISL,FRA,2017,0.186
ISL,GBR,2013,9.13
ISL,GBR,2014,9.18
ISL,GBR,2015,9.482
ISL,GBR,2016,16.753
ISL,GBR,2017,19.902
ISL,ITA,2013,0.053
ISL,ITA,2014,0.051
ISL,ITA,2015,0.054
ISL,ITA,2016,0.061
ISL,ITA,2017,0.056
ISL,JPN,2013,0
ISL,JPN,2014,0
ISL,JPN,2015,0
ISL,JPN,2016,0
ISL,JPN,2017,0
ISL,USA,2013,68.931
ISL,USA,2014,63.887
ISL,USA,2015,63.953
ISL,USA,2016,26.458
ISL,USA,2017,26.26
IRL,CAN,2016,0.297
IRL,CAN,2017,0.051
IRL,DEU,2016,0.566
IRL,DEU,2017,0.727
IRL,FRA,2016,2.44
IRL,FRA,2017,2.029
IRL,GBR,2016,9.285
IRL,GBR,2017,7.814
IRL,ITA,2016,0.977
IRL,ITA,2017,1.126
IRL,JPN,2016,0.302
IRL,JPN,2017,0.057
IRL,USA,2016,28.037
IRL,USA,2017,24.046
ITA,CAN,2013,0.165
ITA,CAN,2014,0.201
ITA,CAN,2015,0.228
ITA,CAN,2016,0.3
ITA,CAN,2017,0.197
ITA,DEU,2013,6.282
ITA,DEU,2014,7.435
ITA,DEU,2015,6.983
ITA,DEU,2016,9.527
ITA,DEU,2017,9.513
ITA,FRA,2013,18.659
ITA,FRA,2014,17.374
ITA,FRA,2015,15.182
ITA,FRA,2016,15.166
ITA,FRA,2017,13.448
ITA,GBR,2013,7.602
ITA,GBR,2014,1.411
ITA,GBR,2015,8.849
ITA,GBR,2016,10.976
ITA,GBR,2017,10.708
ITA,ITA,2013,10.507
ITA,ITA,2014,6.674
ITA,ITA,2015,10.421
ITA,ITA,2016,8.514
ITA,ITA,2017,9.368
ITA,JPN,2013,1.537
ITA,JPN,2014,1.988
ITA,JPN,2015,2.086
ITA,JPN,2016,1.34
ITA,JPN,2017,1.54
ITA,USA,2013,10.826
ITA,USA,2014,10.657
ITA,USA,2015,9.044
ITA,USA,2016,8.562
ITA,USA,2017,8.682
JPN,CAN,2017,0.69
JPN,DEU,2017,3.964
JPN,FRA,2017,19.539
JPN,GBR,2017,3.184
JPN,ITA,2017,0.316
JPN,USA,2017,35.429
LUX,CAN,2013,4.648
LUX,CAN,2014,5.729
LUX,CAN,2015,5.265
LUX,CAN,2016,5.201
LUX,CAN,2017,4.861
LUX,DEU,2013,1.334
LUX,DEU,2014,2.359
LUX,DEU,2015,2.033
LUX,DEU,2016,2.067
LUX,DEU,2017,2.691
LUX,FRA,2014,0.374
LUX,FRA,2015,0.487
LUX,FRA,2017,0.126
LUX,GBR,2013,16.131
LUX,GBR,2014,13.208
LUX,GBR,2015,14.468
LUX,GBR,2016,12.796
LUX,GBR,2017,12.665
LUX,ITA,2013,0.167
LUX,ITA,2016,0.15
LUX,ITA,2017,0.405
LUX,JPN,2013,0.101
LUX,JPN,2014,0.124
LUX,JPN,2015,0.09
LUX,JPN,2016,0.102
LUX,JPN,2017,0.103
LUX,USA,2013,26.382
LUX,USA,2014,21.084
LUX,USA,2015,22.793
LUX,USA,2016,22.612
LUX,USA,2017,18.101
NLD,CAN,2013,0.204
NLD,CAN,2014,0.135
NLD,CAN,2015,0.202
NLD,CAN,2016,0.231
NLD,CAN,2017,0.23
NLD,DEU,2013,9.718
NLD,DEU,2014,9.043
NLD,DEU,2015,11.636
NLD,DEU,2016,8.272
NLD,DEU,2017,8.367
NLD,FRA,2013,7.366
NLD,FRA,2014,5.951
NLD,FRA,2015,3.718
NLD,FRA,2016,3.227
NLD,FRA,2017,4.972
NLD,GBR,2013,12.263
NLD,GBR,2014,23.405
NLD,GBR,2015,11.82
NLD,GBR,2016,10.309
NLD,GBR,2017,11.61
NLD,ITA,2013,0.949
NLD,ITA,2014,0.901
NLD,ITA,2015,3.946
NLD,ITA,2016,3.702
NLD,ITA,2017,3.515
NLD,JPN,2013,1.886
NLD,JPN,2014,1.752
NLD,JPN,2015,1.409
NLD,JPN,2016,1.219
NLD,JPN,2017,1.303
NLD,USA,2013,13.44
NLD,USA,2014,11.649
NLD,USA,2015,13.376
NLD,USA,2016,17.273
NLD,USA,2017,13.217
NZL,CAN,2013,2.103
NZL,CAN,2014,3.997
NZL,CAN,2015,4.764
NZL,CAN,2016,2.667
NZL,CAN,2017,3.372
NZL,DEU,2017,0.709
NZL,FRA,2013,0.212
NZL,FRA,2014,0.137
NZL,FRA,2015,0.108
NZL,FRA,2016,0.107
NZL,FRA,2017,0.099
NZL,GBR,2013,8.174
NZL,GBR,2014,7.373
NZL,GBR,2015,4.311
NZL,GBR,2016,5.306
NZL,GBR,2017,4.385
NZL,ITA,2013,0.001
NZL,ITA,2014,
NZL,ITA,2015,
NZL,ITA,2016,
NZL,ITA,2017,
NZL,JPN,2013,3.467
NZL,JPN,2014,4.952
NZL,JPN,2015,4.966
NZL,JPN,2016,5.17
NZL,JPN,2017,5.179
NZL,USA,2013,8.661
NZL,USA,2014,7.944
NZL,USA,2015,8.201
NZL,USA,2016,7.994
NZL,USA,2017,7.346
NOR,CAN,2013,1.745
NOR,CAN,2014,1.087
NOR,CAN,2015,0.509
NOR,CAN,2016,0.808
NOR,CAN,2017,3.287
NOR,DEU,2013,4.924
NOR,DEU,2014,4.717
NOR,DEU,2015,4.734
NOR,DEU,2016,5.462
NOR,DEU,2017,4.327
NOR,FRA,2013,6.25
NOR,FRA,2014,6.142
NOR,FRA,2015,4.967
NOR,FRA,2016,4.969
NOR,FRA,2017,4.608
NOR,GBR,2013,4.061
NOR,GBR,2014,9.724
NOR,GBR,2015,5.122
NOR,GBR,2016,4.928
NOR,GBR,2017,5.209
NOR,ITA,2013,0.476
NOR,ITA,2014,0.437
NOR,ITA,2015,0.592
NOR,ITA,2016,0.502
NOR,ITA,2017,0.263
NOR,JPN,2013,0.657
NOR,JPN,2014,0.822
NOR,JPN,2015,0.648
NOR,JPN,2016,0.697
NOR,JPN,2017,0.979
NOR,USA,2013,8.657
NOR,USA,2014,7.67
NOR,USA,2015,4.491
NOR,USA,2016,5.154
NOR,USA,2017,5.61
POL,CAN,2013,1.056
POL,CAN,2014,1.284
POL,CAN,2015,1.326
POL,CAN,2016,0.862
POL,CAN,2017,0.881
POL,DEU,2013,18.037
POL,DEU,2014,18.452
POL,DEU,2015,18.655
POL,DEU,2016,19.817
POL,DEU,2017,20.178
POL,FRA,2013,10.273
POL,FRA,2014,10.682
POL,FRA,2015,12.922
POL,FRA,2016,10.095
POL,FRA,2017,9.755
POL,GBR,2013,5.416
POL,GBR,2014,5.755
POL,GBR,2015,6.626
POL,GBR,2016,6.21
POL,GBR,2017,5.794
POL,ITA,2013,5.939
POL,ITA,2014,6.131
POL,ITA,2015,5.718
POL,ITA,2016,4.048
POL,ITA,2017,2.149
POL,JPN,2013,2
POL,JPN,2014,1.836
POL,JPN,2015,2.022
POL,JPN,2016,2.182
POL,JPN,2017,2.095
POL,USA,2013,10.623
POL,USA,2014,10.838
POL,USA,2015,12.708
POL,USA,2016,10.829
POL,USA,2017,10.986
PRT,CAN,2011,
PRT,CAN,2012,
PRT,CAN,2013,0.119
PRT,CAN,2014,0.138
PRT,CAN,2015,0.11
PRT,CAN,2016,0.104
PRT,CAN,2017,0.096
PRT,DEU,2011,
PRT,DEU,2012,
PRT,DEU,2013,3.036
PRT,DEU,2014,3.266
PRT,DEU,2015,2.315
PRT,DEU,2016,1.776
PRT,DEU,2017,1.652
PRT,FRA,2011,
PRT,FRA,2012,
PRT,FRA,2013,5.648
PRT,FRA,2014,6.007
PRT,FRA,2015,5.2
PRT,FRA,2016,5.73
PRT,FRA,2017,5.902
PRT,GBR,2011,
PRT,GBR,2012,
PRT,GBR,2013,7.639
PRT,GBR,2014,8.25
PRT,GBR,2015,9.219
PRT,GBR,2016,8.982
PRT,GBR,2017,8.917
PRT,ITA,2011,
PRT,ITA,2012,
PRT,ITA,2013,2.679
PRT,ITA,2014,0.866
PRT,ITA,2015,0.633
PRT,ITA,2016,0.367
PRT,ITA,2017,0.834
PRT,JPN,2011,
PRT,JPN,2012,
PRT,JPN,2013,0.203
PRT,JPN,2014,0.287
PRT,JPN,2015,0.244
PRT,JPN,2016,0.26
PRT,JPN,2017,0.234
PRT,USA,2011,
PRT,USA,2012,
PRT,USA,2013,1.189
PRT,USA,2014,1.19
PRT,USA,2015,1.623
PRT,USA,2016,1.491
PRT,USA,2017,1.264
ESP,DEU,2013,7.445
ESP,DEU,2014,6.984
ESP,DEU,2015,7.258
ESP,DEU,2016,7.659
ESP,DEU,2017,8.183
ESP,FRA,2013,8.632
ESP,FRA,2014,8.519
ESP,FRA,2015,9.137
ESP,FRA,2016,9.019
ESP,FRA,2017,9.278
ESP,GBR,2013,11.932
ESP,GBR,2014,12.109
ESP,GBR,2015,12.688
ESP,GBR,2016,13.044
ESP,GBR,2017,13.558
ESP,ITA,2013,7.232
ESP,ITA,2014,7.105
ESP,ITA,2015,6.846
ESP,ITA,2016,5.924
ESP,ITA,2017,5.111
ESP,JPN,2013,0.253
ESP,JPN,2014,0.311
ESP,JPN,2015,0.36
ESP,JPN,2016,0.456
ESP,JPN,2017,0.449
ESP,USA,2013,5.234
ESP,USA,2014,4.251
ESP,USA,2015,4.255
ESP,USA,2016,4.191
ESP,USA,2017,4.422
CHE,CAN,2014,4.036
CHE,CAN,2015,4.341
CHE,CAN,2016,3.233
CHE,CAN,2017,3.275
CHE,DEU,2014,4.047
CHE,DEU,2015,3.697
CHE,DEU,2016,2.906
CHE,DEU,2017,3.141
CHE,FRA,2014,5.529
CHE,FRA,2015,4.916
CHE,FRA,2016,3.612
CHE,FRA,2017,3.858
CHE,GBR,2014,3.064
CHE,GBR,2015,3.854
CHE,GBR,2016,4.579
CHE,GBR,2017,5.36
CHE,ITA,2014,0.666
CHE,ITA,2015,0.702
CHE,ITA,2016,0.618
CHE,ITA,2017,0.577
CHE,JPN,2014,1.189
CHE,JPN,2015,1.252
CHE,JPN,2016,2.245
CHE,JPN,2017,2.251
CHE,USA,2014,37.839
CHE,USA,2015,35.593
CHE,USA,2016,41.284
CHE,USA,2017,40.597
TUR,CAN,2016,0.593
TUR,CAN,2017,0.713
TUR,DEU,2016,10.364
TUR,DEU,2017,10.416
TUR,FRA,2016,4.16
TUR,FRA,2017,4.06
TUR,GBR,2016,8.594
TUR,GBR,2017,8.526
TUR,ITA,2016,2.835
TUR,ITA,2017,2.819
TUR,JPN,2016,2.049
TUR,JPN,2017,2.429
TUR,USA,2016,4.082
TUR,USA,2017,4.39
GBR,CAN,2013,1.772
GBR,CAN,2015,1.639
GBR,CAN,2017,1.603
GBR,DEU,2013,5.605
GBR,DEU,2014,4.844
GBR,DEU,2015,4.89
GBR,DEU,2016,4.988
GBR,DEU,2017,3.773
GBR,FRA,2013,7.812
GBR,FRA,2014,7.354
GBR,FRA,2015,6.741
GBR,FRA,2016,4.996
GBR,FRA,2017,5.773
GBR,GBR,2013,0
GBR,GBR,2014,0
GBR,GBR,2015,0
GBR,GBR,2016,0
GBR,GBR,2017,0
GBR,ITA,2013,0.9
GBR,ITA,2014,0.429
GBR,ITA,2015,0.741
GBR,ITA,2016,0.422
GBR,ITA,2017,0.721
GBR,JPN,2013,3.7
GBR,JPN,2014,3.697
GBR,JPN,2015,3.996
GBR,JPN,2016,3.876
GBR,JPN,2017,4.165
GBR,USA,2013,28.22
GBR,USA,2014,24.477
GBR,USA,2015,29.988
GBR,USA,2016,25.687
GBR,USA,2017,23.586
USA,CAN,2011,10.158
USA,CAN,2012,9.524
USA,CAN,2013,9.778
USA,CAN,2014,11.138
USA,CAN,2015,11.768
USA,CAN,2016,12.153
USA,CAN,2017,13.011
USA,DEU,2011,10.32
USA,DEU,2012,10.566
USA,DEU,2013,10.441
USA,DEU,2014,11.134
USA,DEU,2015,10.641
USA,DEU,2016,9.858
USA,DEU,2017,10.075
USA,FRA,2011,8.576
USA,FRA,2012,8.769
USA,FRA,2013,7.851
USA,FRA,2014,7.412
USA,FRA,2015,7.616
USA,FRA,2016,7.228
USA,FRA,2017,7.491
USA,GBR,2011,21.099
USA,GBR,2012,22.479
USA,GBR,2013,21.402
USA,GBR,2014,17.668
USA,GBR,2015,16.66
USA,GBR,2016,15.198
USA,GBR,2017,15.274
USA,ITA,2011,1.249
USA,ITA,2012,1.332
USA,ITA,2013,1.153
USA,ITA,2014,1.123
USA,ITA,2015,1.026
USA,ITA,2016,0.936
USA,ITA,2017,0.886
USA,JPN,2011,11.397
USA,JPN,2012,11.708
USA,JPN,2013,12.937
USA,JPN,2014,12.666
USA,JPN,2015,12.044
USA,JPN,2016,11.215
USA,JPN,2017,11.846
USA,USA,2011,3.729
USA,USA,2012,3.622
USA,USA,2013,2.967
USA,USA,2014,2.982
USA,USA,2015,2.498
USA,USA,2016,1.95
USA,USA,2017,1.877
CHL,CAN,2009,5.576
CHL,CAN,2010,4.707
CHL,CAN,2011,6.368
CHL,CAN,2012,7.552
CHL,CAN,2013,9.258
CHL,CAN,2014,10.169
CHL,CAN,2015,9.669
CHL,CAN,2016,10.029
CHL,CAN,2017,9.702
CHL,DEU,2009,0.446
CHL,DEU,2010,0.363
CHL,DEU,2011,0.268
CHL,DEU,2012,0.361
CHL,DEU,2013,0.665
CHL,DEU,2014,0.323
CHL,DEU,2015,0.168
CHL,DEU,2016,0.234
CHL,DEU,2017,0.257
CHL,FRA,2009,1.038
CHL,FRA,2010,1.022
CHL,FRA,2011,0.995
CHL,FRA,2012,0.609
CHL,FRA,2013,0.637
CHL,FRA,2014,0.627
CHL,FRA,2015,0.548
CHL,FRA,2016,0.457
CHL,FRA,2017,0.514
CHL,GBR,2009,0.761
CHL,GBR,2010,0.656
CHL,GBR,2011,1.288
CHL,GBR,2012,1.791
CHL,GBR,2013,2.406
CHL,GBR,2014,2.775
CHL,GBR,2015,3.163
CHL,GBR,2016,2.516
CHL,GBR,2017,3.243
CHL,ITA,2009,0.747
CHL,ITA,2010,0.844
CHL,ITA,2011,1.012
CHL,ITA,2012,0.572
CHL,ITA,2013,0.409
CHL,ITA,2014,0.513
CHL,ITA,2015,0.856
CHL,ITA,2016,1.144
CHL,ITA,2017,2.863
CHL,JPN,2009,0.765
CHL,JPN,2010,1.911
CHL,JPN,2011,2.311
CHL,JPN,2012,2.288
CHL,JPN,2013,2.465
CHL,JPN,2014,2.398
CHL,JPN,2015,1.887
CHL,JPN,2016,1.758
CHL,JPN,2017,1.862
CHL,USA,2009,13.083
CHL,USA,2010,11.662
CHL,USA,2011,14.071
CHL,USA,2012,15.813
CHL,USA,2013,15.357
CHL,USA,2014,14.958
CHL,USA,2015,13.754
CHL,USA,2016,13.501
CHL,USA,2017,11.56
EST,CAN,2013,0.332
EST,CAN,2014,0.351
EST,CAN,2015,0.265
EST,CAN,2016,0.339
EST,CAN,2017,0.352
EST,DEU,2013,3.653
EST,DEU,2014,3.552
EST,DEU,2015,3.034
EST,DEU,2016,2.978
EST,DEU,2017,2.852
EST,FRA,2013,1.741
EST,FRA,2014,1.447
EST,FRA,2015,2.003
EST,FRA,2016,2.25
EST,FRA,2017,2.401
EST,GBR,2013,1.822
EST,GBR,2014,1.949
EST,GBR,2015,2.109
EST,GBR,2016,1.875
EST,GBR,2017,1.917
EST,ITA,2013,0.467
EST,ITA,2014,0.658
EST,ITA,2015,0.694
EST,ITA,2016,0.873
EST,ITA,2017,0.752
EST,JPN,2013,0.675
EST,JPN,2014,0.525
EST,JPN,2015,0.688
EST,JPN,2016,0.692
EST,JPN,2017,0.678
EST,USA,2013,3.365
EST,USA,2014,3.298
EST,USA,2015,3.805
EST,USA,2016,3.584
EST,USA,2017,3.433
LVA,CAN,2005,0.048
LVA,CAN,2006,0.035
LVA,CAN,2007,0.04
LVA,CAN,2008,0.049
LVA,CAN,2009,0.124
LVA,CAN,2010,0.183
LVA,CAN,2011,0.096
LVA,CAN,2012,0.068
LVA,CAN,2013,0.026
LVA,CAN,2014,0.169
LVA,CAN,2015,0.118
LVA,CAN,2016,0.089
LVA,CAN,2017,0.082
LVA,DEU,2005,12.647
LVA,DEU,2006,11.066
LVA,DEU,2007,8.505
LVA,DEU,2008,6.313
LVA,DEU,2009,6.392
LVA,DEU,2010,5.156
LVA,DEU,2011,4.872
LVA,DEU,2012,4.826
LVA,DEU,2013,4.728
LVA,DEU,2014,5.896
LVA,DEU,2015,5.377
LVA,DEU,2016,4.51
LVA,DEU,2017,4.457
LVA,FRA,2005,0.457
LVA,FRA,2006,0.298
LVA,FRA,2007,0.362
LVA,FRA,2008,0.837
LVA,FRA,2009,0.669
LVA,FRA,2010,0.66
LVA,FRA,2011,0.534
LVA,FRA,2012,0.526
LVA,FRA,2013,0.51
LVA,FRA,2014,0.652
LVA,FRA,2015,0.591
LVA,FRA,2016,0.674
LVA,FRA,2017,0.664
LVA,GBR,2005,2.14
LVA,GBR,2006,2.841
LVA,GBR,2007,2.505
LVA,GBR,2008,1.883
LVA,GBR,2009,1.982
LVA,GBR,2010,2.212
LVA,GBR,2011,2.853
LVA,GBR,2012,2.876
LVA,GBR,2013,2.895
LVA,GBR,2014,3.262
LVA,GBR,2015,3.693
LVA,GBR,2016,3.118
LVA,GBR,2017,2.978
LVA,ITA,2005,0.216
LVA,ITA,2006,0.298
LVA,ITA,2007,0.281
LVA,ITA,2008,0.406
LVA,ITA,2009,0.384
LVA,ITA,2010,0.538
LVA,ITA,2011,0.577
LVA,ITA,2012,0.487
LVA,ITA,2013,0.156
LVA,ITA,2014,0.217
LVA,ITA,2015,0.229
LVA,ITA,2016,0.711
LVA,ITA,2017,0.52
LVA,JPN,2005,0
LVA,JPN,2006,0
LVA,JPN,2007,0
LVA,JPN,2008,0
LVA,JPN,2009,0
LVA,JPN,2010,0
LVA,JPN,2011,0
LVA,JPN,2012,0
LVA,JPN,2013,0
LVA,JPN,2014,0
LVA,JPN,2015,0
LVA,JPN,2016,0.007
LVA,JPN,2017,0
LVA,USA,2005,6.612
LVA,USA,2006,5.858
LVA,USA,2007,4.447
LVA,USA,2008,3.901
LVA,USA,2009,3.778
LVA,USA,2010,3.189
LVA,USA,2011,2.938
LVA,USA,2012,2.476
LVA,USA,2013,1.366
LVA,USA,2014,1.2
LVA,USA,2015,1.13
LVA,USA,2016,1.444
LVA,USA,2017,0.993
LTU,CAN,2013,0.914
LTU,CAN,2014,0.796
LTU,CAN,2015,0.748
LTU,CAN,2016,0.734
LTU,CAN,2017,0.897
LTU,DEU,2013,10.073
LTU,DEU,2014,8.73
LTU,DEU,2015,9.236
LTU,DEU,2016,7.467
LTU,DEU,2017,7.297
LTU,FRA,2013,2.282
LTU,FRA,2014,2.35
LTU,FRA,2015,2.477
LTU,FRA,2016,2.588
LTU,FRA,2017,3.375
LTU,GBR,2013,1.745
LTU,GBR,2014,2.916
LTU,GBR,2015,2.959
LTU,GBR,2016,1.738
LTU,GBR,2017,1.446
LTU,ITA,2013,0.111
LTU,ITA,2014,0.1
LTU,ITA,2015,0.069
LTU,ITA,2016,0.2
LTU,ITA,2017,0.2
LTU,JPN,2013,
LTU,JPN,2017,0.002
LTU,USA,2013,1.056
LTU,USA,2014,1.214
LTU,USA,2015,1.46
LTU,USA,2016,1.564
LTU,USA,2017,2.089
AUS,CAN,2009,2.496
AUS,CAN,2010,2.869
AUS,CAN,2011,3.476
AUS,CAN,2012,3.548
AUS,CAN,2013,2.636
AUS,CAN,2014,3.307
AUS,CAN,2015,3.371
AUS,CAN,2016,3.567
AUS,CAN,2017,4.171
AUS,DEU,2009,3.697
AUS,DEU,2010,3.24
AUS,DEU,2011,2.58
AUS,DEU,2012,2.299
AUS,DEU,2013,2.097
AUS,DEU,2014,2.3
AUS,DEU,2015,2.31
AUS,DEU,2016,2.452
AUS,DEU,2017,2.806
AUS,FRA,2009,2.658
AUS,FRA,2010,2.5
AUS,FRA,2011,1.313
AUS,FRA,2012,1.17
AUS,FRA,2013,0.86
AUS,FRA,2014,0.835
AUS,FRA,2015,0.868
AUS,FRA,2016,0.768
AUS,FRA,2017,0.74
AUS,GBR,2009,12.444
AUS,GBR,2010,10.35
AUS,GBR,2011,12.103
AUS,GBR,2012,12.329
AUS,GBR,2013,12.334
AUS,GBR,2014,11.449
AUS,GBR,2015,8.789
AUS,GBR,2016,9.369
AUS,GBR,2017,9.796
AUS,ITA,2009,0.096
AUS,ITA,2010,0.111
AUS,ITA,2011,
AUS,ITA,2012,0.098
AUS,ITA,2013,0.141
AUS,ITA,2014,0.137
AUS,ITA,2015,
AUS,ITA,2016,0.075
AUS,ITA,2017,0.082
AUS,JPN,2009,9.316
AUS,JPN,2010,9.85
AUS,JPN,2011,10.041
AUS,JPN,2012,10.871
AUS,JPN,2013,10.555
AUS,JPN,2014,10.384
AUS,JPN,2015,11.771
AUS,JPN,2016,11.422
AUS,JPN,2017,10.896
AUS,USA,2009,20.041
AUS,USA,2010,21.271
AUS,USA,2011,21.139
AUS,USA,2012,22.169
AUS,USA,2013,23.706
AUS,USA,2014,23.792
AUS,USA,2015,24.84
AUS,USA,2016,24.21
AUS,USA,2017,22.367
SVK,CAN,2013,0.049
SVK,CAN,2014,0.056
SVK,CAN,2015,0.044
SVK,CAN,2016,0.053
SVK,CAN,2017,0.064
SVK,DEU,2013,7.805
SVK,DEU,2014,8.556
SVK,DEU,2015,6.685
SVK,DEU,2016,5.602
SVK,DEU,2017,6.387
SVK,FRA,2013,2.251
SVK,FRA,2014,2.342
SVK,FRA,2015,1.993
SVK,FRA,2016,1.853
SVK,FRA,2017,1.964
SVK,GBR,2013,0.922
SVK,GBR,2014,1.087
SVK,GBR,2015,1.069
SVK,GBR,2016,1.146
SVK,GBR,2017,2.345
SVK,ITA,2013,9.885
SVK,ITA,2014,6.415
SVK,ITA,2015,7.389
SVK,ITA,2016,4.857
SVK,ITA,2017,4.697
SVK,JPN,2013,0.1
SVK,JPN,2014,0.088
SVK,JPN,2015,0.096
SVK,JPN,2016,0.152
SVK,JPN,2017,0.224
SVK,USA,2013,0.245
SVK,USA,2014,0.613
SVK,USA,2015,0.72
SVK,USA,2017,0.645
SWE,CAN,2013,1.578
SWE,CAN,2014,0.873
SWE,CAN,2015,1.135
SWE,CAN,2016,0.778
SWE,CAN,2017,0.519
SWE,DEU,2013,6.557
SWE,DEU,2014,7.492
SWE,DEU,2015,9.546
SWE,DEU,2016,9.01
SWE,DEU,2017,9.01
SWE,FRA,2013,1.33
SWE,FRA,2014,1.229
SWE,FRA,2015,1.744
SWE,FRA,2016,1.668
SWE,FRA,2017,2.214
SWE,GBR,2013,11.245
SWE,GBR,2014,12.339
SWE,GBR,2015,12.93
SWE,GBR,2016,11.986
SWE,GBR,2017,14.129
SWE,ITA,2013,0.356
SWE,ITA,2014,0.289
SWE,ITA,2015,0.27
SWE,ITA,2016,0.312
SWE,ITA,2017,0.328
SWE,JPN,2013,1.087
SWE,JPN,2014,0.823
SWE,JPN,2015,0.966
SWE,JPN,2016,0.968
SWE,JPN,2017,1.299
SWE,USA,2013,8.774
SWE,USA,2014,6.975
SWE,USA,2015,6.264
SWE,USA,2016,8.424
SWE,USA,2017,6.836
ISR,CAN,2011,6.261
ISR,CAN,2012,5.916
ISR,CAN,2013,5.42
ISR,CAN,2014,6.07
ISR,CAN,2015,3.986
ISR,CAN,2016,3.568
ISR,CAN,2017,3.646
ISR,DEU,2011,0.082
ISR,DEU,2012,0.066
ISR,DEU,2013,0.284
ISR,DEU,2014,0.452
ISR,DEU,2015,0.471
ISR,DEU,2016,0.455
ISR,DEU,2017,0.407
ISR,FRA,2011,1.499
ISR,FRA,2012,0.493
ISR,FRA,2013,0.448
ISR,FRA,2014,0.578
ISR,FRA,2015,0.835
ISR,FRA,2016,0.794
ISR,FRA,2017,0.637
ISR,GBR,2011,2.279
ISR,GBR,2012,2.063
ISR,GBR,2013,3.166
ISR,GBR,2014,2.669
ISR,GBR,2015,2.28
ISR,GBR,2016,2.272
ISR,GBR,2017,2.136
ISR,ITA,2011,
ISR,ITA,2012,
ISR,ITA,2013,
ISR,ITA,2014,
ISR,ITA,2015,
ISR,ITA,2016,
ISR,ITA,2017,
ISR,JPN,2012,0.058
ISR,JPN,2013,0.063
ISR,JPN,2014,0.14
ISR,JPN,2015,0
ISR,JPN,2016,0.334
ISR,JPN,2017,1.135
ISR,USA,2011,23.92
ISR,USA,2012,20.46
ISR,USA,2013,18.292
ISR,USA,2014,17.072
ISR,USA,2015,16.97
ISR,USA,2016,17.379
ISR,USA,2017,16.341
SVN,DEU,2017,14.549
SVN,FRA,2017,4.894
SVN,GBR,2017,2.626
SVN,ITA,2017,9.454
SVN,JPN,2017,2.325
SVN,USA,2017,13.252
MEX,CAN,2009,3.355
MEX,CAN,2010,3.966
MEX,CAN,2011,3.968
MEX,CAN,2012,4.119
MEX,CAN,2013,3.782
MEX,CAN,2014,4.101
MEX,CAN,2015,4.147
MEX,CAN,2016,3.749
MEX,CAN,2017,3.676
MEX,DEU,2009,2.159
MEX,DEU,2010,1.124
MEX,DEU,2011,1.218
MEX,DEU,2012,2.46
MEX,DEU,2013,2.399
MEX,DEU,2014,2.632
MEX,DEU,2015,2.455
MEX,DEU,2016,2.572
MEX,DEU,2017,3.157
MEX,FRA,2009,1.279
MEX,FRA,2010,1.162
MEX,FRA,2011,1.026
MEX,FRA,2012,1.094
MEX,FRA,2013,0.975
MEX,FRA,2014,1.179
MEX,FRA,2015,1.229
MEX,FRA,2016,1.23
MEX,FRA,2017,1.197
MEX,GBR,2009,5.046
MEX,GBR,2010,8.803
MEX,GBR,2011,6.898
MEX,GBR,2012,7.507
MEX,GBR,2013,4.744
MEX,GBR,2014,4.689
MEX,GBR,2015,4.416
MEX,GBR,2016,4.557
MEX,GBR,2017,4.861
MEX,ITA,2009,0.35
MEX,ITA,2010,0.302
MEX,ITA,2011,0.309
MEX,ITA,2012,0.352
MEX,ITA,2013,0.347
MEX,ITA,2014,0.406
MEX,ITA,2015,0.404
MEX,ITA,2016,0.383
MEX,ITA,2017,0.485
MEX,JPN,2009,2.294
MEX,JPN,2010,1.711
MEX,JPN,2011,1.642
MEX,JPN,2012,2.064
MEX,JPN,2013,2.24
MEX,JPN,2014,2.563
MEX,JPN,2015,2.652
MEX,JPN,2016,2.888
MEX,JPN,2017,2.575
MEX,USA,2009,52.1
MEX,USA,2010,50.665
MEX,USA,2011,47.736
MEX,USA,2012,44.072
MEX,USA,2013,43.497
MEX,USA,2014,43.068
MEX,USA,2015,43.008
MEX,USA,2016,42.006
MEX,USA,2017,44.009
AUS,CHN,2009,8125.224
AUS,CHN,2010,13119.219
AUS,CHN,2011,14717.48
AUS,CHN,2012,17220.604
AUS,CHN,2013,20712.766
AUS,CHN,2014,26134.033
AUS,CHN,2015,26100.679
AUS,CHN,2016,28015.195
AUS,CHN,2017,31735.434
AUS,CHN,2009,1.849
AUS,CHN,2010,2.489
AUS,CHN,2011,2.651
AUS,CHN,2012,2.799
AUS,CHN,2013,3.635
AUS,CHN,2014,4.642
AUS,CHN,2015,4.854
AUS,CHN,2016,4.857
AUS,CHN,2017,4.792
AUT,CHN,2012,715.04
AUT,CHN,2013,759.895
AUT,CHN,2014,661.684
AUT,CHN,2015,484.486
AUT,CHN,2016,375.25
AUT,CHN,2017,471.336
AUT,CHN,2012,0.434
AUT,CHN,2013,0.425
AUT,CHN,2014,0.376
AUT,CHN,2015,0.303
AUT,CHN,2016,0.247
AUT,CHN,2017,0.244
BEL,CHN,2013,-1028.824
BEL,CHN,2014,-1946.202
BEL,CHN,2015,-1020.142
BEL,CHN,2016,-412.143
BEL,CHN,2017,-682.418
CAN,CHN,2014,24320.2
CAN,CHN,2015,17449.422
CAN,CHN,2016,17149.028
CAN,CHN,2014,3.788
CAN,CHN,2015,3.085
CAN,CHN,2016,2.847
CZE,CHN,2013,135.719
CZE,CHN,2014,204.014
CZE,CHN,2015,370.698
CZE,CHN,2016,794.261
CZE,CHN,2017,1096.043
CZE,CHN,2013,0.101
CZE,CHN,2014,0.168
CZE,CHN,2015,0.318
CZE,CHN,2016,0.652
CZE,CHN,2017,0.733
DNK,CHN,2013,104.754
DNK,CHN,2014,174.633
DNK,CHN,2015,248.316
DNK,CHN,2016,383.677
DNK,CHN,2017,407.075
DNK,CHN,2013,0.111
DNK,CHN,2014,0.182
DNK,CHN,2015,0.27
DNK,CHN,2016,0.392
DNK,CHN,2017,0.344
FIN,CHN,2016,7790.661
FIN,CHN,2017,8967.378
FIN,CHN,2015,
FIN,CHN,2016,9.67
FIN,CHN,2017,10.177
FRA,CHN,2011,3090.674
FRA,CHN,2012,1176.781
FRA,CHN,2013,1670.114
FRA,CHN,2014,4072.091
FRA,CHN,2015,5456.723
FRA,CHN,2016,5931.274
FRA,CHN,2011,0.45
FRA,CHN,2012,0.173
FRA,CHN,2013,0.219
FRA,CHN,2014,0.582
FRA,CHN,2015,0.794
FRA,CHN,2016,0.841
DEU,CHN,2013,3163.702
DEU,CHN,2014,4537.092
DEU,CHN,2015,4935.22
DEU,CHN,2016,5574.997
DEU,CHN,2013,0.327
DEU,CHN,2014,0.528
DEU,CHN,2015,0.631
DEU,CHN,2016,0.722
GRC,CHN,2013,329.329
GRC,CHN,2014,13.725
GRC,CHN,2015,6.377
GRC,CHN,2016,10.092
GRC,CHN,2017,47.555
GRC,CHN,2013,1.274
GRC,CHN,2014,0.064
GRC,CHN,2015,0.026
GRC,CHN,2016,0.041
GRC,CHN,2017,0.146
HUN,CHN,2014,1269.18
HUN,CHN,2015,1946.611
HUN,CHN,2016,1941.645
HUN,CHN,2014,1.275
HUN,CHN,2015,2.294
HUN,CHN,2016,2.405
ISL,CHN,2013,132.215
ISL,CHN,2014,116.461
ISL,CHN,2015,125.74
ISL,CHN,2016,143.823
ISL,CHN,2017,124.037
ISL,CHN,2013,1.795
ISL,CHN,2014,1.476
ISL,CHN,2015,1.602
ISL,CHN,2016,1.461
ISL,CHN,2017,1.224
IRL,CHN,2012,-327.177
IRL,CHN,2013,-929.527
IRL,CHN,2014,-261.031
IRL,CHN,2015,
IRL,CHN,2016,
IRL,CHN,2017,
IRL,CHN,2016,
IRL,CHN,2017,
ITA,CHN,2013,267.672
ITA,CHN,2014,316.737
ITA,CHN,2015,623.802
ITA,CHN,2016,3556.581
ITA,CHN,2017,5347.039
ITA,CHN,2013,0.073
ITA,CHN,2014,0.09
ITA,CHN,2015,0.183
ITA,CHN,2016,1.026
ITA,CHN,2017,1.272
JPN,CHN,2017,1595.101
JPN,CHN,2017,0.797
KOR,CHN,2013,2375.416
KOR,CHN,2014,2691.96
KOR,CHN,2015,4655.904
KOR,CHN,2016,5576.661
KOR,CHN,2017,5661.07
LUX,CHN,2012,2116.095
LUX,CHN,2013,2541.718
LUX,CHN,2014,2401.49
LUX,CHN,2015,4997.278
LUX,CHN,2016,6110.467
LUX,CHN,2017,9456.704
LUX,CHN,2013,0.085
LUX,CHN,2014,0.074
LUX,CHN,2015,0.134
LUX,CHN,2016,0.161
LUX,CHN,2017,0.237
MEX,CHN,2009,175.66
MEX,CHN,2010,248.425
MEX,CHN,2011,370.806
MEX,CHN,2012,390.946
MEX,CHN,2013,388.405
MEX,CHN,2014,537.072
MEX,CHN,2015,633.964
MEX,CHN,2016,636.431
MEX,CHN,2017,730.514
MEX,CHN,2009,0.052
MEX,CHN,2010,0.064
MEX,CHN,2011,0.097
MEX,CHN,2012,0.085
MEX,CHN,2013,0.079
MEX,CHN,2014,0.109
MEX,CHN,2015,0.126
MEX,CHN,2016,0.134
MEX,CHN,2017,0.149
NLD,CHN,2014,1647.534
NLD,CHN,2015,2806.75
NLD,CHN,2016,2133.446
NLD,CHN,2017,2177.98
NLD,CHN,2014,0.152
NLD,CHN,2015,0.205
NLD,CHN,2016,0.153
NLD,CHN,2017,0.129
NZL,CHN,2013,237.782
NZL,CHN,2014,509.807
NZL,CHN,2016,
NZL,CHN,2017,898.832
NZL,CHN,2013,0.312
NZL,CHN,2014,0.665
NZL,CHN,2016,
NZL,CHN,2017,1.182
NOR,CHN,2013,5199.757
NOR,CHN,2014,4656.393
NOR,CHN,2015,813.507
NOR,CHN,2016,2630.626
NOR,CHN,2017,881.973
NOR,CHN,2013,2.725
NOR,CHN,2014,2.69
NOR,CHN,2015,0.552
NOR,CHN,2016,1.783
NOR,CHN,2017,0.612
POL,CHN,2013,641.069
POL,CHN,2014,501.948
POL,CHN,2015,927.507
POL,CHN,2016,707.202
POL,CHN,2017,826.514
POL,CHN,2013,0.294
POL,CHN,2014,0.237
POL,CHN,2015,0.499
POL,CHN,2016,0.375
POL,CHN,2017,0.347
PRT,CHN,2011,
PRT,CHN,2012,
PRT,CHN,2013,195.835
PRT,CHN,2014,1065.98
PRT,CHN,2015,1383.778
PRT,CHN,2016,1844.629
PRT,CHN,2017,2572.559
PRT,CHN,2011,
PRT,CHN,2012,
PRT,CHN,2013,0.18
PRT,CHN,2014,1.034
PRT,CHN,2015,1.321
PRT,CHN,2016,1.757
PRT,CHN,2017,1.974
SVK,CHN,2013,34.74
SVK,CHN,2014,38.04
SVK,CHN,2015,15.024
SVK,CHN,2016,26.745
SVK,CHN,2017,55.116
SVK,CHN,2013,0.06
SVK,CHN,2014,0.076
SVK,CHN,2015,0.033
SVK,CHN,2016,0.056
SVK,CHN,2017,0.099
ESP,CHN,2013,606.813
ESP,CHN,2014,335.092
ESP,CHN,2015,430.049
ESP,CHN,2016,1272.267
ESP,CHN,2017,1134.565
ESP,CHN,2013,0.095
ESP,CHN,2014,0.057
ESP,CHN,2015,0.08
ESP,CHN,2016,0.23
ESP,CHN,2017,0.179
SWE,CHN,2013,
SWE,CHN,2014,
SWE,CHN,2015,4535.352
SWE,CHN,2016,4868.796
SWE,CHN,2017,8964.79
SWE,CHN,2013,
SWE,CHN,2014,
SWE,CHN,2015,1.439
SWE,CHN,2016,1.57
SWE,CHN,2017,2.53
CHE,CHN,2014,
CHE,CHN,2015,
CHE,CHN,2016,
CHE,CHN,2017,
CHE,CHN,2014,
CHE,CHN,2015,
CHE,CHN,2016,
CHE,CHN,2017,
TUR,CHN,2016,492.44
TUR,CHN,2017,1591.57
TUR,CHN,2016,0.332
TUR,CHN,2017,0.819
GBR,CHN,2013,1553.03
GBR,CHN,2014,1789.392
GBR,CHN,2015,3350.622
GBR,CHN,2016,1874.769
GBR,CHN,2017,3102.283
GBR,CHN,2013,0.104
GBR,CHN,2014,0.111
GBR,CHN,2015,0.219
GBR,CHN,2016,0.127
GBR,CHN,2017,0.193
USA,CHN,2011,9172
USA,CHN,2012,14043
USA,CHN,2013,13312
USA,CHN,2014,29049
USA,CHN,2015,33050
USA,CHN,2016,58976
USA,CHN,2017,58048
USA,CHN,2011,0.377
USA,CHN,2012,0.543
USA,CHN,2013,0.488
USA,CHN,2014,0.986
USA,CHN,2015,0.985
USA,CHN,2016,1.566
USA,CHN,2017,1.442
CHL,CHN,2009,76.408
CHL,CHN,2010,75.216
CHL,CHN,2011,79.607
CHL,CHN,2012,84.096
CHL,CHN,2013,0.555
CHL,CHN,2014,1.712
CHL,CHN,2015,1.925
CHL,CHN,2016,0.002
CHL,CHN,2017,0.248
CHL,CHN,2009,0.059
CHL,CHN,2010,0.047
CHL,CHN,2011,0.046
CHL,CHN,2012,0.041
CHL,CHN,2013,0
CHL,CHN,2014,0.001
CHL,CHN,2015,0.001
CHL,CHN,2016,0
CHL,CHN,2017,0
EST,CHN,2013,3.82
EST,CHN,2014,5.388
EST,CHN,2015,5.767
EST,CHN,2016,12.186
EST,CHN,2017,14.268
EST,CHN,2013,0.017
EST,CHN,2014,0.026
EST,CHN,2015,0.03
EST,CHN,2016,0.062
EST,CHN,2017,0.06
ISR,CHN,2015,77
ISR,CHN,2016,373
ISR,CHN,2017,3575
ISR,CHN,2015,0.078
ISR,CHN,2016,0.347
ISR,CHN,2017,2.768
LVA,CHN,2005,0
LVA,CHN,2006,0
LVA,CHN,2007,0
LVA,CHN,2008,0
LVA,CHN,2009,0
LVA,CHN,2010,1.336
LVA,CHN,2011,0
LVA,CHN,2012,0
LVA,CHN,2013,4.137
LVA,CHN,2014,72.846
LVA,CHN,2015,76.211
LVA,CHN,2016,81.164
LVA,CHN,2017,93.548
LVA,CHN,2005,0
LVA,CHN,2006,0
LVA,CHN,2007,0
LVA,CHN,2008,0
LVA,CHN,2009,0
LVA,CHN,2010,0.012
LVA,CHN,2011,0
LVA,CHN,2012,0
LVA,CHN,2013,0.026
LVA,CHN,2014,0.483
LVA,CHN,2015,0.517
LVA,CHN,2016,0.57
LVA,CHN,2017,0.534
LTU,CHN,2013,1.365
LTU,CHN,2014,1.117
LTU,CHN,2015,1.535
LTU,CHN,2016,4.09
LTU,CHN,2017,13.804
LTU,CHN,2013,0.008
LTU,CHN,2014,0.007
LTU,CHN,2015,0.01
LTU,CHN,2016,0.028
LTU,CHN,2017,0.078
AUS,WLD,2009,439445.64
AUS,WLD,2010,527096.25
AUS,WLD,2011,555269.309
AUS,WLD,2012,615180.021
AUS,WLD,2013,569840.426
AUS,WLD,2014,562978.718
AUS,WLD,2015,537756.996
AUS,WLD,2016,576768.452
AUS,WLD,2017,662271.274
AUT,WLD,2012,164753.298
AUT,WLD,2013,178829.127
AUT,WLD,2014,175755.544
AUT,WLD,2015,159723.462
AUT,WLD,2016,151912.09
AUT,WLD,2017,193088.271
BEL,WLD,2013,499893.808
BEL,WLD,2014,496545.046
BEL,WLD,2015,520992.923
BEL,WLD,2016,499567.83
BEL,WLD,2017,564313.984
CAN,WLD,2011,591043.095
CAN,WLD,2012,636962.814
CAN,WLD,2013,647437.03
CAN,WLD,2014,642013.106
CAN,WLD,2015,565687.861
CAN,WLD,2016,602322.187
CAN,WLD,2017,654619.479
CZE,WLD,2013,134084.554
CZE,WLD,2014,121511.813
CZE,WLD,2015,116627.814
CZE,WLD,2016,121854.622
CZE,WLD,2017,149556.303
DNK,WLD,2013,94486.485
DNK,WLD,2014,95766.49
DNK,WLD,2015,92127.233
DNK,WLD,2016,97766.277
DNK,WLD,2017,118462.071
FIN,WLD,2013,88806.73
FIN,WLD,2014,91971.207
FIN,WLD,2015,81626.565
FIN,WLD,2016,80562.876
FIN,WLD,2017,88109.858
FRA,WLD,2005,371448.66
FRA,WLD,2006,493763.343
FRA,WLD,2007,623625.427
FRA,WLD,2008,563003.621
FRA,WLD,2009,648065.12
FRA,WLD,2010,630702.833
FRA,WLD,2011,699646.373
FRA,WLD,2012,680337.731
FRA,WLD,2013,761383.257
FRA,WLD,2014,700064.629
FRA,WLD,2015,687394.665
FRA,WLD,2016,704872.984
FRA,WLD,2017,874541.857
DEU,WLD,2013,967702.386
DEU,WLD,2014,859564.588
DEU,WLD,2015,781743.059
DEU,WLD,2016,772224.096
DEU,WLD,2017,950858.719
GRC,WLD,2013,25850.629
GRC,WLD,2014,21550.318
GRC,WLD,2015,24081.982
GRC,WLD,2016,24614.878
GRC,WLD,2017,32536.556
HUN,WLD,2011,85330.955
HUN,WLD,2012,103396.12
HUN,WLD,2013,108578.757
HUN,WLD,2014,99573.359
HUN,WLD,2015,84856.382
HUN,WLD,2016,80721.226
HUN,WLD,2017,90990.989
ISL,WLD,2013,7367.02
ISL,WLD,2014,7888.847
ISL,WLD,2015,7851.021
ISL,WLD,2016,9840.999
ISL,WLD,2017,10129.939
IRL,WLD,2012,383200.528
IRL,WLD,2013,408787.753
IRL,WLD,2014,416072.07
IRL,WLD,2015,888221.013
IRL,WLD,2016,840646.147
IRL,WLD,2017,892763.253
ITA,WLD,2013,364964.743
ITA,WLD,2014,352501.397
ITA,WLD,2015,340477.118
ITA,WLD,2016,346770.753
ITA,WLD,2017,420446.615
JPN,WLD,2014,171663.627
JPN,WLD,2015,174145.967
JPN,WLD,2016,196613.883
JPN,WLD,2017,200193.436
KOR,WLD,2013,166375.141
KOR,WLD,2014,168827.165
KOR,WLD,2015,168923.661
KOR,WLD,2016,174978
KOR,WLD,2017,210863.467
LUX,WLD,2012,2530647.757
LUX,WLD,2013,2974712.453
LUX,WLD,2014,3249264.262
LUX,WLD,2015,3717772.455
LUX,WLD,2016,3789886.16
LUX,WLD,2017,3987928.76
MEX,WLD,2005,248013.629
MEX,WLD,2006,277286.056
MEX,WLD,2007,311646.685
MEX,WLD,2008,280660.442
MEX,WLD,2009,339042.667
MEX,WLD,2010,389570.831
MEX,WLD,2011,383699.221
MEX,WLD,2012,458833.704
MEX,WLD,2013,489684.981
MEX,WLD,2014,491707.275
MEX,WLD,2015,501999.458
MEX,WLD,2016,473423.581
MEX,WLD,2017,490573.999
NLD,WLD,2013,779067.715
NLD,WLD,2014,1082570.476
NLD,WLD,2015,1370237.343
NLD,WLD,2016,1394200.485
NLD,WLD,2017,1688497.242
NZL,WLD,2013,76174.551
NZL,WLD,2014,76669.763
NZL,WLD,2015,66837.947
NZL,WLD,2016,70403.041
NZL,WLD,2017,76027.539
NOR,WLD,2013,190835.869
NOR,WLD,2014,173127.187
NOR,WLD,2015,147486.493
NOR,WLD,2016,147524.362
NOR,WLD,2017,144176.857
POL,WLD,2013,234240.239
POL,WLD,2014,211496.008
POL,WLD,2015,185986.388
POL,WLD,2016,188760.558
POL,WLD,2017,238512.998
PRT,WLD,2011,85077.72
PRT,WLD,2012,97159.631
PRT,WLD,2013,108829.127
PRT,WLD,2014,103085.589
PRT,WLD,2015,104782.798
PRT,WLD,2016,104975.229
PRT,WLD,2017,130314.224
SVK,WLD,2013,58022.169
SVK,WLD,2014,49740.754
SVK,WLD,2015,46015.787
SVK,WLD,2016,47591.72
SVK,WLD,2017,55839.711
ESP,WLD,2013,636674.941
ESP,WLD,2014,587121.762
ESP,WLD,2015,537829.069
ESP,WLD,2016,553756.72
ESP,WLD,2017,634087.311
SWE,WLD,2013,392498.365
SWE,WLD,2014,320593.77
SWE,WLD,2015,315175.102
SWE,WLD,2016,310044.912
SWE,WLD,2017,354397.783
CHE,WLD,2014,812908.055
CHE,WLD,2015,887327.681
CHE,WLD,2016,1079899.637
CHE,WLD,2017,1154798.657
TUR,WLD,2013,149764.2
TUR,WLD,2014,182064.63
TUR,WLD,2015,158077.61
TUR,WLD,2016,148428.22
TUR,WLD,2017,194246.41
GBR,WLD,2013,1489693.676
GBR,WLD,2014,1613251.17
GBR,WLD,2015,1530133.373
GBR,WLD,2016,1475523.435
GBR,WLD,2017,1608032.698
USA,WLD,2011,2433848
USA,WLD,2012,2584708
USA,WLD,2013,2727825
USA,WLD,2014,2945795
USA,WLD,2015,3354907
USA,WLD,2016,3765114
USA,WLD,2017,4025492
CHL,WLD,2009,129274.199
CHL,WLD,2010,160904.4
CHL,WLD,2011,173243.261
CHL,WLD,2012,203508.225
CHL,WLD,2013,213242.412
CHL,WLD,2014,223171.797
CHL,WLD,2015,231781.35
CHL,WLD,2016,249079.78
CHL,WLD,2017,274652.654
EST,WLD,2005,11191.964
EST,WLD,2006,12119.337
EST,WLD,2007,15670.557
EST,WLD,2008,15448.784
EST,WLD,2009,15841.863
EST,WLD,2010,15550.895
EST,WLD,2011,16367.806
EST,WLD,2012,18934.467
EST,WLD,2013,22081.529
EST,WLD,2014,20972.114
EST,WLD,2015,18956.453
EST,WLD,2016,19740.813
EST,WLD,2017,23896.362
ISR,WLD,2011,64842
ISR,WLD,2012,75805
ISR,WLD,2013,86531
ISR,WLD,2014,89619
ISR,WLD,2015,99313
ISR,WLD,2016,107483
ISR,WLD,2017,129143
LVA,WLD,2005,4906.373
LVA,WLD,2006,7509.538
LVA,WLD,2007,10990.693
LVA,WLD,2008,11308.949
LVA,WLD,2009,11629.448
LVA,WLD,2010,10935.329
LVA,WLD,2011,12124.352
LVA,WLD,2012,13532.982
LVA,WLD,2013,15956.42
LVA,WLD,2014,15073.051
LVA,WLD,2015,14741.426
LVA,WLD,2016,14234.215
LVA,WLD,2017,17516.191
LTU,WLD,2013,17542.27
LTU,WLD,2014,15475.562
LTU,WLD,2015,14694.415
LTU,WLD,2016,14678.602
LTU,WLD,2017,17769.813
SVN,WLD,2009,11277.914
SVN,WLD,2010,10666.756
SVN,WLD,2011,11502.591
SVN,WLD,2012,12201.847
SVN,WLD,2013,12270.032
SVN,WLD,2014,12385.797
SVN,WLD,2015,12642.378
SVN,WLD,2016,13671.841
SVN,WLD,2017,16400.586
KOR,CAN,2017,1.112
KOR,CHN,2017,2.685
KOR,DEU,2017,3.939
KOR,FRA,2017,2.549
KOR,GBR,2017,7.086
KOR,ITA,2017,0.269
KOR,JPN,2017,22.536
KOR,USA,2017,16.094
